"COD_RIP","COD_REG","COD_PROV","COD_CM","COD_UTS","PRO_COM","PRO_COM_T","COMUNE","COMUNE_A","CC_UTS","covid19","pop2011"
1,3,19,0,19,19009,"019009","Calvatone",NA,0,8,1260
1,3,19,0,19,19010,"019010","Camisano",NA,0,7,1303
1,3,19,0,19,19011,"019011","Campagnola Cremasca",NA,0,0,683
1,3,18,0,18,18113,"018113","Pieve del Cairo",NA,0,6,2108
1,3,19,0,19,19068,"019068","Persico Dosimo",NA,0,39,3372
1,3,16,0,16,16156,"016156","Palazzago",NA,0,14,4293
1,3,16,0,16,16157,"016157","Palosco",NA,0,28,5773
1,3,18,0,18,18123,"018123","Robbio",NA,0,0,6164
1,3,18,0,18,18124,"018124","Robecco Pavese",NA,0,0,569
1,3,20,0,20,20021,"020021","Curtatone",NA,0,19,14570
1,3,14,0,14,14035,"014035","Madesimo",NA,0,0,540
1,3,19,0,19,19069,"019069","Pescarolo ed Uniti",NA,0,9,1608
1,3,19,0,19,19070,"019070","Pessina Cremonese",NA,0,0,673
1,3,18,0,18,18052,"018052","Confienza",NA,0,0,1671
1,3,17,0,17,17118,"017118","Niardo",NA,0,5,1950
1,3,18,0,18,18035,"018035","Cassolnovo",NA,0,11,6940
1,3,17,0,17,17143,"017143","Pisogne",NA,0,47,8112
1,3,108,0,108,108002,"108002","Aicurzio",NA,0,0,2067
1,3,16,0,16,16215,"016215","Torre de' Busi",NA,0,6,2007
1,3,98,0,98,98058,"098058","Turano Lodigiano",NA,0,18,1538
1,3,97,0,97,97009,"097009","Bosisio Parini",NA,0,0,3504
1,3,97,0,97,97010,"097010","Brivio",NA,0,12,4686
1,3,13,0,13,13253,"013253","Alta Valle Intelvi",NA,0,0,2835
1,3,15,215,215,15071,"015071","Cerro al Lambro",NA,0,0,4956
1,3,16,0,16,16134,"016134","Mezzoldo",NA,0,0,193
1,3,12,0,12,12075,"012075","Gerenzano",NA,0,6,10411
1,3,12,0,12,12076,"012076","Germignaga",NA,0,0,3724
1,3,12,0,12,12077,"012077","Golasecca",NA,0,0,2653
1,3,12,0,12,12093,"012093","Luvinate",NA,0,0,1309
1,3,12,0,12,12095,"012095","Malgesso",NA,0,0,1298
1,3,13,0,13,13145,"013145","Menaggio",NA,0,6,3182
1,3,13,0,13,13147,"013147","Merone",NA,0,8,4155
1,3,16,0,16,16101,"016101","Fontanella",NA,0,14,4339
1,3,16,0,16,16102,"016102","Fonteno",NA,0,5,685
1,3,15,215,215,15113,"015113","Inveruno",NA,0,20,8609
1,3,16,0,16,16073,"016073","Chiuduno",NA,0,31,5852
1,3,15,215,215,15237,"015237","Vignate",NA,0,15,9053
1,3,15,215,215,15242,"015242","Vimodrone",NA,0,27,16426
1,3,15,215,215,15243,"015243","Vittuone",NA,0,32,8949
1,3,15,215,215,15244,"015244","Vizzolo Predabissi",NA,0,27,4045
1,3,15,215,215,15114,"015114","Inzago",NA,0,29,10540
1,3,15,215,215,15115,"015115","Lacchiarella",NA,0,8,8390
1,3,15,215,215,15116,"015116","Lainate",NA,0,26,25054
1,3,16,0,16,16046,"016046","Calusco d'Adda",NA,0,51,8233
1,3,16,0,16,16047,"016047","Calvenzano",NA,0,22,4061
1,3,16,0,16,16048,"016048","Camerata Cornello",NA,0,0,627
1,3,15,215,215,15146,"015146","Milano",NA,1,2039,1242123
1,3,15,215,215,15150,"015150","Morimondo",NA,0,0,1183
1,3,15,215,215,15205,"015205","Segrate",NA,0,77,33519
1,3,15,215,215,15206,"015206","Senago",NA,0,18,20914
1,3,15,215,215,15209,"015209","Sesto San Giovanni",NA,0,137,76514
1,3,16,0,16,16049,"016049","Canonica d'Adda",NA,0,13,4207
1,3,16,0,16,16092,"016092","Dossena",NA,0,6,962
1,3,15,215,215,15247,"015247","Zibido San Giacomo",NA,0,0,6552
1,3,15,215,215,15248,"015248","Villa Cortese",NA,0,10,6150
1,3,15,215,215,15249,"015249","Vanzaghello",NA,0,0,5344
1,3,15,215,215,15250,"015250","Baranzate",NA,0,11,10779
1,3,17,0,17,17049,"017049","Cerveno",NA,0,6,663
1,3,108,0,108,108025,"108025","Lazzate",NA,0,0,7603
1,3,108,0,108,108026,"108026","Lesmo",NA,0,10,8094
1,3,108,0,108,108027,"108027","Limbiate",NA,0,38,33903
1,3,108,0,108,108028,"108028","Lissone",NA,0,73,42220
1,3,13,0,13,13170,"013170","Orsenigo",NA,0,0,2757
1,3,13,0,13,13134,"013134","Longone al Segrino",NA,0,0,1780
1,3,13,0,13,13135,"013135","Luisago",NA,0,0,2686
1,3,13,0,13,13136,"013136","Lurago d'Erba",NA,0,0,5335
1,3,13,0,13,13137,"013137","Lurago Marinone",NA,0,0,2456
1,3,13,0,13,13138,"013138","Lurate Caccivio",NA,0,0,9922
1,3,13,0,13,13139,"013139","Magreglio",NA,0,0,645
1,3,13,0,13,13044,"013044","Carate Urio",NA,0,0,1216
1,3,13,0,13,13045,"013045","Carbonate",NA,0,0,2905
1,3,13,0,13,13046,"013046","Carimate",NA,0,5,4327
1,3,13,0,13,13047,"013047","Carlazzo",NA,0,0,2972
1,3,13,0,13,13048,"013048","Carugo",NA,0,5,6243
1,3,13,0,13,13024,"013024","Bizzarone",NA,0,0,1517
1,3,13,0,13,13178,"013178","Peglio",NA,0,0,185
1,3,13,0,13,13183,"013183","Pianello del Lario",NA,0,0,1041
1,3,13,0,13,13184,"013184","Pigra",NA,0,0,266
1,3,17,0,17,17057,"017057","Collebeato",NA,0,21,4698
1,3,17,0,17,17063,"017063","Corteno Golgi",NA,0,0,2015
1,3,13,0,13,13053,"013053","Casnate con Bernate",NA,0,11,4915
1,3,12,0,12,12109,"012109","Origgio",NA,0,0,7416
1,3,19,0,19,19109,"019109","Trescore Cremasco",NA,0,15,2882
1,3,16,0,16,16243,"016243","Vilminore di Scalve",NA,0,9,1491
1,3,16,0,16,16244,"016244","Zandobbio",NA,0,16,2720
1,3,18,0,18,18168,"018168","Valle Lomellina",NA,0,0,2153
1,3,18,0,18,18169,"018169","Valle Salimbene",NA,0,0,1537
1,3,18,0,18,18135,"018135","San Genesio ed Uniti",NA,0,6,3788
1,3,18,0,18,18136,"018136","San Giorgio di Lomellina",NA,0,0,1155
1,3,19,0,19,19110,"019110","Trigolo",NA,0,17,1760
1,3,19,0,19,19111,"019111","Vaiano Cremasco",NA,0,23,3869
1,3,19,0,19,19112,"019112","Vailate",NA,0,24,4460
1,3,19,0,19,19046,"019046","Gadesco-Pieve Delmona",NA,0,11,2015
1,3,19,0,19,19047,"019047","Genivolta",NA,0,8,1178
1,3,19,0,19,19094,"019094","Sergnano",NA,0,28,3631
1,3,18,0,18,18177,"018177","Vigevano",NA,0,170,60109
1,3,19,0,19,19064,"019064","Ostiano",NA,0,19,3020
1,3,19,0,19,19034,"019034","Credera Rubbiano",NA,0,12,1645
1,3,19,0,19,19035,"019035","Crema",NA,0,320,33091
1,3,19,0,19,19115,"019115","Voltido",NA,0,0,405
1,3,15,215,215,15097,"015097","Cusago",NA,0,7,3597
1,3,15,215,215,15098,"015098","Cusano Milanino",NA,0,45,18905
1,3,16,0,16,16037,"016037","Brembate",NA,0,31,8293
1,3,16,0,16,16038,"016038","Brembate di Sopra",NA,0,47,7771
1,3,16,0,16,16089,"016089","Curno",NA,0,44,7635
1,3,16,0,16,16067,"016067","Cazzano Sant'Andrea",NA,0,12,1594
1,3,15,215,215,15074,"015074","Cesano Boscone",NA,0,26,23398
1,3,15,215,215,15076,"015076","Cesate",NA,0,15,13858
1,3,16,0,16,16001,"016001","Adrara San Martino",NA,0,5,2161
1,3,15,215,215,15099,"015099","Dairago",NA,0,0,5862
1,3,15,215,215,15101,"015101","Dresano",NA,0,12,3023
1,3,15,215,215,15103,"015103","Gaggiano",NA,0,5,8933
1,3,16,0,16,16090,"016090","Cusio",NA,0,0,252
1,3,16,0,16,16091,"016091","Dalmine",NA,0,121,22881
1,3,15,215,215,15077,"015077","Cinisello Balsamo",NA,0,97,71128
1,3,15,215,215,15078,"015078","Cisliano",NA,0,6,4263
1,3,15,215,215,15178,"015178","Pozzuolo Martesana",NA,0,22,7983
1,3,15,215,215,15179,"015179","Pregnana Milanese",NA,0,0,6867
1,3,16,0,16,16053,"016053","Caravaggio",NA,0,64,15882
1,3,16,0,16,16055,"016055","Carobbio degli Angeli",NA,0,19,4549
1,3,15,215,215,15035,"015035","Bubbiano",NA,0,0,2215
1,3,15,215,215,15192,"015192","San Donato Milanese",NA,0,54,30992
1,3,15,215,215,15194,"015194","San Giorgio su Legnano",NA,0,6,6730
1,3,15,215,215,15195,"015195","San Giuliano Milanese",NA,0,74,35971
1,3,15,215,215,15130,"015130","Magenta",NA,0,41,22877
1,3,15,215,215,15131,"015131","Magnago",NA,0,8,9085
1,3,15,215,215,15134,"015134","Marcallo con Casone",NA,0,7,6032
1,3,15,215,215,15136,"015136","Masate",NA,0,0,3312
1,3,15,215,215,15181,"015181","Rescaldina",NA,0,11,13920
1,3,15,215,215,15182,"015182","Rho",NA,0,59,50052
1,3,16,0,16,16017,"016017","Azzone",NA,0,0,433
1,3,15,215,215,15036,"015036","Buccinasco",NA,0,20,26503
1,3,15,215,215,15038,"015038","Buscate",NA,0,7,4751
1,3,15,215,215,15040,"015040","Bussero",NA,0,14,8532
1,3,15,215,215,15041,"015041","Busto Garolfo",NA,0,14,13479
1,3,17,0,17,17034,"017034","Calvisano",NA,0,33,8537
1,3,17,0,17,17035,"017035","Capo di Ponte",NA,0,10,2509
1,3,17,0,17,17064,"017064","Corzano",NA,0,18,1397
1,3,17,0,17,17095,"017095","Lozio",NA,0,0,418
1,3,17,0,17,17096,"017096","Lumezzane",NA,0,51,23390
1,3,17,0,17,17077,"017077","Gavardo",NA,0,45,11686
1,3,17,0,17,17068,"017068","Edolo",NA,0,16,4509
1,3,17,0,17,17036,"017036","Capovalle",NA,0,0,388
1,3,15,215,215,15169,"015169","Paullo",NA,0,23,11014
1,3,16,0,16,16222,"016222","Urgnano",NA,0,51,9549
1,3,19,0,19,19113,"019113","Vescovato",NA,0,26,3991
1,3,19,0,19,19114,"019114","Volongo",NA,0,0,578
1,3,16,0,16,16203,"016203","Sotto il Monte Giovanni XXIII",NA,0,27,4291
1,3,16,0,16,16204,"016204","Sovere",NA,0,25,5509
1,3,16,0,16,16205,"016205","Spinone al Lago",NA,0,6,1038
1,3,19,0,19,19048,"019048","Gerre de' Caprioli",NA,0,11,1283
1,3,19,0,19,19049,"019049","Gombito",NA,0,6,636
1,3,19,0,19,19050,"019050","Grontardo",NA,0,8,1469
1,3,18,0,18,18184,"018184","Zavattarello",NA,0,17,1036
1,3,18,0,18,18190,"018190","Zinasco",NA,0,7,3223
1,3,18,0,18,18137,"018137","San Martino Siccomario",NA,0,8,5738
1,3,18,0,18,18138,"018138","Sannazzaro de' Burgondi",NA,0,13,5644
1,3,12,0,12,12030,"012030","Cantello",NA,0,0,4569
1,3,12,0,12,12031,"012031","Caravate",NA,0,0,2612
1,3,12,0,12,12032,"012032","Cardano al Campo",NA,0,6,14136
1,3,12,0,12,12062,"012062","Cuveglio",NA,0,0,3397
1,3,12,0,12,12063,"012063","Cuvio",NA,0,0,1698
1,3,12,0,12,12064,"012064","Daverio",NA,0,0,3075
1,3,12,0,12,12098,"012098","Marnate",NA,0,0,7299
1,3,12,0,12,12099,"012099","Marzio",NA,0,0,303
1,3,12,0,12,12100,"012100","Masciago Primo",NA,0,0,290
1,3,12,0,12,12101,"012101","Mercallo",NA,0,0,1827
1,3,12,0,12,12102,"012102","Mesenzana",NA,0,0,1486
1,3,12,0,12,12103,"012103","Montegrino Valtravaglia",NA,0,0,1414
1,3,12,0,12,12033,"012033","Carnago",NA,0,0,6502
1,3,12,0,12,12034,"012034","Caronno Pertusella",NA,0,40,16397
1,3,12,0,12,12078,"012078","Gorla Maggiore",NA,0,0,5081
1,3,12,0,12,12079,"012079","Gorla Minore",NA,0,0,8398
1,3,17,0,17,17085,"017085","Iseo",NA,0,49,9100
1,3,17,0,17,17086,"017086","Isorella",NA,0,18,4091
1,3,17,0,17,17069,"017069","Erbusco",NA,0,28,8286
1,3,13,0,13,13152,"013152","Moltrasio",NA,0,0,1640
1,3,13,0,13,13153,"013153","Monguzzo",NA,0,0,2230
1,3,13,0,13,13154,"013154","Montano Lucino",NA,0,5,4775
1,3,13,0,13,13155,"013155","Montemezzo",NA,0,0,261
1,3,19,0,19,19058,"019058","Monte Cremasco",NA,0,8,2356
1,3,19,0,19,19059,"019059","Montodine",NA,0,23,2606
1,3,19,0,19,19027,"019027","Castelvisconti",NA,0,0,330
1,3,19,0,19,19028,"019028","Cella Dati",NA,0,0,553
1,3,19,0,19,19029,"019029","Chieve",NA,0,10,2240
1,3,19,0,19,19030,"019030","Cicognolo",NA,0,10,955
1,3,19,0,19,19031,"019031","Cingia de' Botti",NA,0,0,1371
1,3,16,0,16,16107,"016107","Gandellino",NA,0,5,1046
1,3,16,0,16,16109,"016109","Gandosso",NA,0,13,1502
1,3,16,0,16,16152,"016152","Osio Sopra",NA,0,20,5079
1,3,14,0,14,14034,"014034","Grosotto",NA,0,0,1615
1,3,13,0,13,13250,"013250","Bellagio",NA,0,0,3796
1,3,13,0,13,13251,"013251","Colverde",NA,0,0,5234
1,3,108,0,108,108001,"108001","Agrate Brianza",NA,0,26,14770
1,3,17,0,17,17158,"017158","Puegnago del Garda",NA,0,0,3263
1,3,17,0,17,17159,"017159","Quinzano d'Oglio",NA,0,34,6390
1,3,17,0,17,17160,"017160","Remedello",NA,0,18,3387
1,3,17,0,17,17119,"017119","Nuvolento",NA,0,6,4011
1,3,17,0,17,17120,"017120","Nuvolera",NA,0,10,4535
1,3,17,0,17,17139,"017139","Pertica Alta",NA,0,0,599
1,3,18,0,18,18060,"018060","Cura Carpignano",NA,0,14,4371
1,3,17,0,17,17180,"017180","Soiano del Lago",NA,0,0,1785
1,3,17,0,17,17181,"017181","Sonico",NA,0,6,1270
1,3,17,0,17,17198,"017198","Vezza d'Oglio",NA,0,0,1476
1,3,17,0,17,17170,"017170","Salò",NA,0,32,10350
1,3,17,0,17,17171,"017171","San Felice del Benaco",NA,0,7,3403
1,3,18,0,18,18061,"018061","Dorno",NA,0,0,4584
1,3,18,0,18,18025,"018025","Calvignano",NA,0,0,128
1,3,20,0,20,20050,"020050","Rivarolo Mantovano",NA,0,19,2608
1,3,20,0,20,20051,"020051","Rodigo",NA,0,0,5360
1,3,15,215,215,15007,"015007","Arconate",NA,0,6,6524
1,3,12,0,12,12117,"012117","Saltrio",NA,0,0,3013
1,3,13,0,13,13157,"013157","Montorfano",NA,0,0,2619
1,3,12,0,12,12110,"012110","Orino",NA,0,0,840
1,3,12,0,12,12113,"012113","Porto Ceresio",NA,0,0,3001
1,3,12,0,12,12114,"012114","Porto Valtravaglia",NA,0,0,2348
1,3,12,0,12,12115,"012115","Rancio Valcuvia",NA,0,0,935
1,3,17,0,17,17026,"017026","Brandico",NA,0,7,1611
1,3,17,0,17,17027,"017027","Braone",NA,0,0,657
1,3,17,0,17,17030,"017030","Brione",NA,0,0,685
1,3,13,0,13,13026,"013026","Blevio",NA,0,0,1185
1,3,13,0,13,13028,"013028","Bregnano",NA,0,0,6229
1,3,13,0,13,13029,"013029","Brenna",NA,0,0,2011
1,3,13,0,13,13030,"013030","Brienno",NA,0,0,402
1,3,13,0,13,13032,"013032","Brunate",NA,0,0,1766
1,3,13,0,13,13143,"013143","Mariano Comense",NA,0,23,23500
1,3,13,0,13,13144,"013144","Maslianico",NA,0,0,3305
1,3,19,0,19,19036,"019036","Cremona",NA,1,828,69589
1,3,19,0,19,19037,"019037","Cremosano",NA,0,10,1580
1,3,19,0,19,19038,"019038","Crotta d'Adda",NA,0,9,654
1,3,18,0,18,18128,"018128","Romagnese",NA,0,7,744
1,3,18,0,18,18171,"018171","Varzi",NA,0,13,3405
1,3,18,0,18,18149,"018149","Silvano Pietra",NA,0,0,680
1,3,18,0,18,18150,"018150","Siziano",NA,0,11,5807
1,3,18,0,18,18151,"018151","Sommo",NA,0,0,1146
1,3,18,0,18,18152,"018152","Spessa",NA,0,0,602
1,3,18,0,18,18066,"018066","Galliavola",NA,0,0,213
1,3,18,0,18,18067,"018067","Gambarana",NA,0,0,242
1,3,19,0,19,19039,"019039","Cumignano sul Naviglio",NA,0,5,447
1,3,20,0,20,20002,"020002","Asola",NA,0,19,10077
1,3,18,0,18,18172,"018172","Velezzo Lomellina",NA,0,0,101
1,3,19,0,19,19053,"019053","Isola Dovarese",NA,0,5,1231
1,3,19,0,19,19054,"019054","Izano",NA,0,12,2068
1,3,19,0,19,19055,"019055","Madignano",NA,0,19,2931
1,3,19,0,19,19024,"019024","Castel Gabbiano",NA,0,0,455
1,3,19,0,19,19025,"019025","Castelleone",NA,0,108,9506
1,3,19,0,19,19026,"019026","Castelverde",NA,0,58,5651
1,3,18,0,18,18139,"018139","Santa Cristina e Bissone",NA,0,9,2028
1,3,18,0,18,18140,"018140","Santa Giuletta",NA,0,13,1685
1,3,17,0,17,17145,"017145","Polpenazze del Garda",NA,0,7,2468
1,3,17,0,17,17146,"017146","Pompiano",NA,0,21,3893
1,3,13,0,13,13013,"013013","Asso",NA,0,0,3625
1,3,13,0,13,13015,"013015","Barni",NA,0,0,597
1,3,13,0,13,13021,"013021","Bene Lario",NA,0,0,342
1,3,13,0,13,13022,"013022","Beregazzo con Figliaro",NA,0,0,2577
1,3,13,0,13,13023,"013023","Binago",NA,0,0,4776
1,3,13,0,13,13025,"013025","Blessagno",NA,0,0,284
1,3,16,0,16,16135,"016135","Misano di Gera d'Adda",NA,0,9,2927
1,3,16,0,16,16136,"016136","Moio de' Calvi",NA,0,0,213
1,3,16,0,16,16158,"016158","Parre",NA,0,14,2807
1,3,16,0,16,16159,"016159","Parzanica",NA,0,0,373
1,3,16,0,16,16160,"016160","Pedrengo",NA,0,34,5799
1,3,17,0,17,17022,"017022","Borno",NA,0,16,2630
1,3,17,0,17,17023,"017023","Botticino",NA,0,42,10788
1,3,16,0,16,16169,"016169","Ponteranica",NA,0,37,6788
1,3,16,0,16,16170,"016170","Ponte San Pietro",NA,0,67,11273
1,3,16,0,16,16180,"016180","Riva di Solto",NA,0,8,862
1,3,16,0,16,16182,"016182","Rogno",NA,0,21,3888
1,3,16,0,16,16183,"016183","Romano di Lombardia",NA,0,83,18784
1,3,16,0,16,16245,"016245","Zanica",NA,0,35,8193
1,3,16,0,16,16246,"016246","Zogno",NA,0,104,9054
1,3,16,0,16,16241,"016241","Villa d'Ogna",NA,0,18,1971
1,3,16,0,16,16242,"016242","Villongo",NA,0,30,7619
1,3,16,0,16,16149,"016149","Onore",NA,0,8,846
1,3,17,0,17,17003,"017003","Agnosine",NA,0,7,1833
1,3,17,0,17,17004,"017004","Alfianello",NA,0,22,2451
1,3,17,0,17,17005,"017005","Anfo",NA,0,0,472
1,3,17,0,17,17012,"017012","Barghe",NA,0,0,1188
1,3,17,0,17,17013,"017013","Bassano Bresciano",NA,0,12,2224
1,3,17,0,17,17014,"017014","Bedizzole",NA,0,32,11816
1,3,16,0,16,16206,"016206","Spirano",NA,0,20,5639
1,3,16,0,16,16207,"016207","Stezzano",NA,0,64,12623
1,3,16,0,16,16208,"016208","Strozza",NA,0,7,1066
1,3,16,0,16,16209,"016209","Suisio",NA,0,21,3873
1,3,16,0,16,16150,"016150","Orio al Serio",NA,0,9,1733
1,3,16,0,16,16151,"016151","Ornica",NA,0,0,172
1,3,16,0,16,16193,"016193","Sarnico",NA,0,24,6390
1,3,17,0,17,17015,"017015","Berlingo",NA,0,11,2582
1,3,16,0,16,16227,"016227","Valnegra",NA,0,0,207
1,3,16,0,16,16229,"016229","Valtorta",NA,0,0,292
1,3,16,0,16,16137,"016137","Monasterolo del Castello",NA,0,7,1190
1,3,18,0,18,18064,"018064","Fortunago",NA,0,0,383
1,3,18,0,18,18065,"018065","Frascarolo",NA,0,0,1214
1,3,17,0,17,17116,"017116","Muscoline",NA,0,5,2547
1,3,17,0,17,17117,"017117","Nave",NA,0,43,10957
1,3,17,0,17,17166,"017166","Rovato",NA,0,72,17562
1,3,17,0,17,17167,"017167","Rudiano",NA,0,15,5699
1,3,18,0,18,18058,"018058","Costa de' Nobili",NA,0,0,351
1,3,18,0,18,18059,"018059","Cozzo",NA,0,0,371
1,3,18,0,18,18050,"018050","Cilavegna",NA,0,8,5656
1,3,17,0,17,17175,"017175","Saviore dell'Adamello",NA,0,0,992
1,3,17,0,17,17197,"017197","Vestone",NA,0,17,4461
1,3,18,0,18,18033,"018033","Casei Gerola",NA,0,6,2500
1,3,18,0,18,18034,"018034","Casorate Primo",NA,0,0,8480
1,3,18,0,18,18051,"018051","Codevilla",NA,0,0,1000
1,3,16,0,16,16002,"016002","Adrara San Rocco",NA,0,0,836
1,3,16,0,16,16083,"016083","Cortenuova",NA,0,6,1942
1,3,16,0,16,16084,"016084","Costa di Mezzate",NA,0,15,3271
1,3,16,0,16,16085,"016085","Costa Valle Imagna",NA,0,0,620
1,3,16,0,16,16026,"016026","Bianzano",NA,0,5,605
1,3,16,0,16,16027,"016027","Blello",NA,0,0,76
1,3,17,0,17,17087,"017087","Lavenone",NA,0,0,607
1,3,17,0,17,17070,"017070","Esine",NA,0,27,5351
1,3,18,0,18,18048,"018048","Chignolo Po",NA,0,15,3992
1,3,18,0,18,18049,"018049","Cigognola",NA,0,7,1363
1,3,17,0,17,17151,"017151","Pozzolengo",NA,0,9,3438
1,3,17,0,17,17152,"017152","Pralboino",NA,0,9,2912
1,3,17,0,17,17153,"017153","Preseglie",NA,0,6,1577
1,3,12,0,12,12127,"012127","Tradate",NA,0,9,17729
1,3,12,0,12,12128,"012128","Travedona-Monate",NA,0,0,4022
1,3,12,0,12,12129,"012129","Tronzano Lago Maggiore",NA,0,0,254
1,3,12,0,12,12130,"012130","Uboldo",NA,0,6,10446
1,3,13,0,13,13084,"013084","Cucciago",NA,0,0,3450
1,3,12,0,12,12137,"012137","Venegono Superiore",NA,0,0,7180
1,3,12,0,12,12138,"012138","Vergiate",NA,0,5,8967
1,3,12,0,12,12139,"012139","Viggiù",NA,0,0,5207
1,3,18,0,18,18191,"018191","Cornale e Bastida",NA,0,5,895
1,3,13,0,13,13126,"013126","Lezzeno",NA,0,0,2052
1,3,19,0,19,19019,"019019","Casaletto di Sopra",NA,0,0,548
1,3,19,0,19,19020,"019020","Casaletto Vaprio",NA,0,17,1761
1,3,19,0,19,19086,"019086","Romanengo",NA,0,25,3021
1,3,19,0,19,19087,"019087","Salvirola",NA,0,7,1169
1,3,19,0,19,19088,"019088","San Bassano",NA,0,15,2207
1,3,13,0,13,13227,"013227","Turate",NA,0,7,8973
1,3,17,0,17,17045,"017045","Castrezzato",NA,0,28,7083
1,3,17,0,17,17046,"017046","Cazzago San Martino",NA,0,53,10959
1,3,17,0,17,17058,"017058","Collio",NA,0,0,2227
1,3,17,0,17,17059,"017059","Cologne",NA,0,28,7534
1,3,19,0,19,19072,"019072","Pianengo",NA,0,22,2561
1,3,19,0,19,19073,"019073","Pieranica",NA,0,5,1152
1,3,19,0,19,19074,"019074","Pieve d'Olmi",NA,0,12,1295
1,3,19,0,19,19075,"019075","Pieve San Giacomo",NA,0,9,1624
1,3,19,0,19,19076,"019076","Pizzighettone",NA,0,68,6703
1,3,13,0,13,13052,"013052","Caslino d'Erba",NA,0,0,1692
1,3,17,0,17,17184,"017184","Temù",NA,0,0,1083
1,3,17,0,17,17185,"017185","Tignale",NA,0,0,1298
1,3,17,0,17,17186,"017186","Torbole Casaglia",NA,0,31,6370
1,3,18,0,18,18017,"018017","Borgoratto Mormorolo",NA,0,0,423
1,3,14,0,14,14001,"014001","Albaredo per San Marco",NA,0,0,349
1,3,14,0,14,14002,"014002","Albosaggia",NA,0,0,3146
1,3,20,0,20,20056,"020056","San Giacomo delle Segnate",NA,0,0,1779
1,3,13,0,13,13245,"013245","Villa Guardia",NA,0,6,7793
1,3,18,0,18,18002,"018002","Albaredo Arnaboldi",NA,0,0,225
1,3,18,0,18,18014,"018014","Bereguardo",NA,0,5,2775
1,3,18,0,18,18015,"018015","Borgarello",NA,0,0,2659
1,3,18,0,18,18018,"018018","Borgo San Siro",NA,0,0,1035
1,3,13,0,13,13246,"013246","Zelbio",NA,0,0,220
1,3,13,0,13,13248,"013248","San Siro",NA,0,6,1758
1,3,18,0,18,18076,"018076","Gropello Cairoli",NA,0,13,4592
1,3,18,0,18,18023,"018023","Bressana Bottarone",NA,0,10,3535
1,3,17,0,17,17107,"017107","Mazzano",NA,0,28,11487
1,3,18,0,18,18146,"018146","Sartirana Lomellina",NA,0,0,1760
1,3,19,0,19,19084,"019084","Rivolta d'Adda",NA,0,10,7918
1,3,18,0,18,18143,"018143","Santa Maria della Versa",NA,0,0,2476
1,3,12,0,12,12126,"012126","Ternate",NA,0,0,2474
1,3,12,0,12,12136,"012136","Venegono Inferiore",NA,0,0,6238
1,3,18,0,18,18069,"018069","Garlasco",NA,0,20,9791
1,3,18,0,18,18144,"018144","Sant'Angelo Lomellina",NA,0,0,864
1,3,12,0,12,12116,"012116","Ranco",NA,0,0,1326
1,3,17,0,17,17133,"017133","Palazzolo sull'Oglio",NA,0,91,19472
1,3,17,0,17,17156,"017156","Provaglio d'Iseo",NA,0,34,7136
1,3,18,0,18,18019,"018019","Bornasco",NA,0,0,2589
1,3,18,0,18,18020,"018020","Bosnasco",NA,0,0,633
1,3,17,0,17,17201,"017201","Villanuova sul Clisi",NA,0,29,5661
1,3,17,0,17,17134,"017134","Paratico",NA,0,29,4464
1,3,18,0,18,18008,"018008","Barbianello",NA,0,0,890
1,3,18,0,18,18009,"018009","Bascapè",NA,0,5,1715
1,3,17,0,17,17157,"017157","Provaglio Val Sabbia",NA,0,0,966
1,3,17,0,17,17176,"017176","Sellero",NA,0,0,1506
1,3,18,0,18,18011,"018011","Bastida Pancarana",NA,0,6,1032
1,3,17,0,17,17177,"017177","Seniga",NA,0,5,1581
1,3,17,0,17,17178,"017178","Serle",NA,0,16,3092
1,3,12,0,12,12106,"012106","Mornago",NA,0,0,4834
1,3,19,0,19,19003,"019003","Annicco",NA,0,24,2075
1,3,19,0,19,19004,"019004","Azzanello",NA,0,6,717
1,3,18,0,18,18115,"018115","Pinarolo Po",NA,0,5,1702
1,3,18,0,18,18116,"018116","Pizzale",NA,0,0,722
1,3,18,0,18,18162,"018162","Travacò Siccomario",NA,0,0,4361
1,3,18,0,18,18163,"018163","Trivolzio",NA,0,0,2036
1,3,19,0,19,19108,"019108","Torricella del Pizzo",NA,0,0,678
1,3,18,0,18,18129,"018129","Roncaro",NA,0,0,1385
1,3,18,0,18,18110,"018110","Pavia",NA,1,145,68280
1,3,16,0,16,16195,"016195","Schilpario",NA,0,5,1250
1,3,16,0,16,16197,"016197","Selvino",NA,0,13,1991
1,3,18,0,18,18164,"018164","Tromello",NA,0,8,3828
1,3,19,0,19,19040,"019040","Derovere",NA,0,0,310
1,3,19,0,19,19041,"019041","Dovera",NA,0,17,3865
1,3,18,0,18,18130,"018130","Rosasco",NA,0,0,638
1,3,18,0,18,18131,"018131","Rovescala",NA,0,0,917
1,3,18,0,18,18173,"018173","Vellezzo Bellini",NA,0,14,3066
1,3,18,0,18,18174,"018174","Verretto",NA,0,0,386
1,3,18,0,18,18153,"018153","Stradella",NA,0,43,11639
1,3,18,0,18,18154,"018154","Suardi",NA,0,0,651
1,3,16,0,16,16198,"016198","Seriate",NA,0,158,24336
1,3,16,0,16,16200,"016200","Solto Collina",NA,0,9,1735
1,3,16,0,16,16106,"016106","Fuipiano Valle Imagna",NA,0,0,221
1,3,19,0,19,19043,"019043","Fiesco",NA,0,11,1200
1,3,20,0,20,20031,"020031","Marcaria",NA,0,10,6913
1,3,18,0,18,18175,"018175","Verrua Po",NA,0,5,1319
1,3,18,0,18,18176,"018176","Vidigulfo",NA,0,7,5933
1,3,16,0,16,16059,"016059","Casirate d'Adda",NA,0,14,3894
1,3,16,0,16,16060,"016060","Casnigo",NA,0,29,3334
1,3,16,0,16,16176,"016176","Presezzo",NA,0,31,4934
1,3,17,0,17,17008,"017008","Azzano Mella",NA,0,10,2969
1,3,17,0,17,17009,"017009","Bagnolo Mella",NA,0,77,12692
1,3,17,0,17,17011,"017011","Barbariga",NA,0,32,2388
1,3,16,0,16,16234,"016234","Vertova",NA,0,37,4844
1,3,16,0,16,16235,"016235","Viadanica",NA,0,0,1084
1,3,16,0,16,16236,"016236","Vigano San Martino",NA,0,0,1252
1,3,16,0,16,16216,"016216","Torre de' Roveri",NA,0,10,2310
1,3,16,0,16,16217,"016217","Torre Pallavicina",NA,0,0,1114
1,3,16,0,16,16120,"016120","Grumello del Monte",NA,0,49,7228
1,3,20,0,20,20001,"020001","Acquanegra sul Chiese",NA,0,8,2996
1,3,16,0,16,16108,"016108","Gandino",NA,0,36,5576
1,3,16,0,16,16110,"016110","Gaverina Terme",NA,0,7,871
1,3,19,0,19,19095,"019095","Sesto ed Uniti",NA,0,17,3075
1,3,19,0,19,19096,"019096","Solarolo Rainerio",NA,0,9,1007
1,3,18,0,18,18122,"018122","Rivanazzano Terme",NA,0,11,5186
1,3,19,0,19,19065,"019065","Paderno Ponchielli",NA,0,13,1480
1,3,19,0,19,19066,"019066","Palazzo Pignano",NA,0,10,3848
1,3,19,0,19,19067,"019067","Pandino",NA,0,65,8885
1,3,108,0,108,108019,"108019","Cesano Maderno",NA,0,25,37010
1,3,108,0,108,108020,"108020","Cogliate",NA,0,8,8450
1,3,108,0,108,108021,"108021","Concorezzo",NA,0,35,15193
1,3,108,0,108,108003,"108003","Albiate",NA,0,8,6190
1,3,108,0,108,108004,"108004","Arcore",NA,0,25,17285
1,3,108,0,108,108005,"108005","Barlassina",NA,0,5,6826
1,3,108,0,108,108006,"108006","Bellusco",NA,0,16,7212
1,3,108,0,108,108007,"108007","Bernareggio",NA,0,21,10555
1,3,108,0,108,108022,"108022","Correzzana",NA,0,0,2657
1,3,108,0,108,108023,"108023","Desio",NA,0,45,40397
1,3,108,0,108,108024,"108024","Giussano",NA,0,21,24527
1,3,12,0,12,12002,"012002","Albizzate",NA,0,0,5292
1,3,12,0,12,12003,"012003","Angera",NA,0,0,5622
1,3,12,0,12,12048,"012048","Cavaria con Premezzo",NA,0,0,5713
1,3,12,0,12,12050,"012050","Cislago",NA,0,10,9984
1,3,12,0,12,12051,"012051","Cittiglio",NA,0,0,3972
1,3,12,0,12,12052,"012052","Clivio",NA,0,0,1942
1,3,12,0,12,12053,"012053","Cocquio-Trevisago",NA,0,0,4756
1,3,12,0,12,12083,"012083","Induno Olona",NA,0,0,10336
1,3,12,0,12,12020,"012020","Brezzo di Bedero",NA,0,0,1185
1,3,15,215,215,15122,"015122","Liscate",NA,0,7,4050
1,3,97,0,97,97044,"097044","Lomagna",NA,0,9,4899
1,3,108,0,108,108029,"108029","Macherio",NA,0,8,7130
1,3,108,0,108,108008,"108008","Besana in Brianza",NA,0,19,15510
1,3,108,0,108,108009,"108009","Biassono",NA,0,16,11697
1,3,108,0,108,108010,"108010","Bovisio-Masciago",NA,0,14,16596
1,3,108,0,108,108011,"108011","Briosco",NA,0,5,5966
1,3,108,0,108,108012,"108012","Brugherio",NA,0,54,33170
1,3,108,0,108,108013,"108013","Burago di Molgora",NA,0,0,4240
1,3,12,0,12,12042,"012042","Castellanza",NA,0,10,14244
1,3,12,0,12,12043,"012043","Castello Cabiaglio",NA,0,0,530
1,3,12,0,12,12044,"012044","Castelseprio",NA,0,0,1281
1,3,12,0,12,12045,"012045","Castelveccana",NA,0,0,2000
1,3,12,0,12,12046,"012046","Castiglione Olona",NA,0,0,7836
1,3,12,0,12,12006,"012006","Azzate",NA,0,0,4554
1,3,12,0,12,12007,"012007","Azzio",NA,0,0,802
1,3,12,0,12,12008,"012008","Barasso",NA,0,0,1710
1,3,12,0,12,12054,"012054","Comabbio",NA,0,0,1194
1,3,13,0,13,13041,"013041","Cantù",NA,0,17,38717
1,3,13,0,13,13042,"013042","Canzo",NA,0,11,5109
1,3,13,0,13,13043,"013043","Capiago Intimiano",NA,0,0,5525
1,3,13,0,13,13160,"013160","Musso",NA,0,0,1019
1,3,13,0,13,13161,"013161","Nesso",NA,0,0,1241
1,3,13,0,13,13163,"013163","Novedrate",NA,0,0,2873
1,3,13,0,13,13165,"013165","Olgiate Comasco",NA,0,5,11401
1,3,13,0,13,13169,"013169","Oltrona di San Mamette",NA,0,0,2289
1,3,12,0,12,12096,"012096","Malnate",NA,0,5,16604
1,3,13,0,13,13062,"013062","Cavargna",NA,0,0,242
1,3,13,0,13,13063,"013063","Cerano d'Intelvi",NA,0,0,536
1,3,13,0,13,13064,"013064","Cermenate",NA,0,6,9023
1,3,13,0,13,13007,"013007","Alzate Brianza",NA,0,0,5019
1,3,13,0,13,13009,"013009","Anzano del Parco",NA,0,0,1757
1,3,13,0,13,13010,"013010","Appiano Gentile",NA,0,0,7718
1,3,13,0,13,13159,"013159","Mozzate",NA,0,0,8208
1,3,13,0,13,13193,"013193","Pusiano",NA,0,0,1327
1,3,13,0,13,13195,"013195","Rezzago",NA,0,0,317
1,3,13,0,13,13197,"013197","Rodero",NA,0,0,1210
1,3,13,0,13,13199,"013199","Ronago",NA,0,0,1754
1,3,13,0,13,13201,"013201","Rovellasca",NA,0,0,7565
1,3,13,0,13,13011,"013011","Argegno",NA,0,0,667
1,3,13,0,13,13012,"013012","Arosio",NA,0,8,4987
1,3,13,0,13,13128,"013128","Limido Comasco",NA,0,0,3793
1,3,13,0,13,13129,"013129","Lipomo",NA,0,10,5800
1,3,13,0,13,13130,"013130","Livo",NA,0,0,190
1,3,13,0,13,13131,"013131","Locate Varesino",NA,0,0,4216
1,3,13,0,13,13133,"013133","Lomazzo",NA,0,5,9194
1,3,17,0,17,17105,"017105","Marmentino",NA,0,0,676
1,3,17,0,17,17106,"017106","Marone",NA,0,7,3293
1,3,17,0,17,17189,"017189","Tremosine sul Garda",NA,0,0,2125
1,3,17,0,17,17168,"017168","Sabbio Chiese",NA,0,11,3831
1,3,17,0,17,17169,"017169","Sale Marasino",NA,0,8,3370
1,3,17,0,17,17190,"017190","Trenzano",NA,0,18,5480
1,3,18,0,18,18021,"018021","Brallo di Pregola",NA,0,0,689
1,3,17,0,17,17183,"017183","Tavernole sul Mella",NA,0,0,1359
1,3,18,0,18,18012,"018012","Battuda",NA,0,0,582
1,3,18,0,18,18036,"018036","Castana",NA,0,5,744
1,3,18,0,18,18037,"018037","Casteggio",NA,0,22,6836
1,3,18,0,18,18038,"018038","Castelletto di Branduzzo",NA,0,0,1037
1,3,18,0,18,18039,"018039","Castello d'Agogna",NA,0,0,1091
1,3,18,0,18,18022,"018022","Breme",NA,0,0,853
1,3,20,0,20,20052,"020052","Roncoferraro",NA,0,0,7201
1,3,17,0,17,17125,"017125","Orzinuovi",NA,0,156,12343
1,3,18,0,18,18013,"018013","Belgioioso",NA,0,11,6287
1,3,20,0,20,20053,"020053","Roverbella",NA,0,7,8500
1,3,12,0,12,12021,"012021","Brinzio",NA,0,0,873
1,3,12,0,12,12022,"012022","Brissago-Valtravaglia",NA,0,0,1250
1,3,12,0,12,12038,"012038","Casciago",NA,0,0,3865
1,3,12,0,12,12040,"012040","Cassano Magnago",NA,0,12,21386
1,3,12,0,12,12041,"012041","Cassano Valcuvia",NA,0,0,665
1,3,12,0,12,12086,"012086","Lavena Ponte Tresa",NA,0,0,5414
1,3,12,0,12,12087,"012087","Laveno-Mombello",NA,0,0,8905
1,3,12,0,12,12088,"012088","Leggiuno",NA,0,0,3571
1,3,12,0,12,12070,"012070","Gallarate",NA,0,27,50456
1,3,12,0,12,12071,"012071","Galliate Lombardo",NA,0,0,982
1,3,12,0,12,12023,"012023","Brunello",NA,0,0,1030
1,3,12,0,12,12024,"012024","Brusimpiano",NA,0,0,1208
1,3,12,0,12,12072,"012072","Gavirate",NA,0,0,9209
1,3,12,0,12,12004,"012004","Arcisate",NA,0,6,9850
1,3,12,0,12,12005,"012005","Arsago Seprio",NA,0,0,4845
1,3,12,0,12,12105,"012105","Morazzone",NA,0,0,4303
1,3,17,0,17,17088,"017088","Leno",NA,0,73,14364
1,3,17,0,17,17089,"017089","Limone sul Garda",NA,0,0,1151
1,3,17,0,17,17037,"017037","Capriano del Colle",NA,0,17,4553
1,3,17,0,17,17038,"017038","Capriolo",NA,0,55,9115
1,3,17,0,17,17097,"017097","Maclodio",NA,0,0,1501
1,3,17,0,17,17052,"017052","Chiari",NA,0,100,18391
1,3,17,0,17,17053,"017053","Cigole",NA,0,19,1619
1,3,17,0,17,17071,"017071","Fiesse",NA,0,0,2175
1,3,17,0,17,17072,"017072","Flero",NA,0,25,8440
1,3,17,0,17,17073,"017073","Gambara",NA,0,13,4697
1,3,17,0,17,17098,"017098","Magasa",NA,0,0,145
1,3,17,0,17,17099,"017099","Mairano",NA,0,9,3329
1,3,17,0,17,17065,"017065","Darfo Boario Terme",NA,0,73,15524
1,3,14,0,14,14063,"014063","Talamona",NA,0,6,4768
1,3,17,0,17,17047,"017047","Cedegolo",NA,0,6,1246
1,3,17,0,17,17048,"017048","Cellatica",NA,0,23,4945
1,3,12,0,12,12055,"012055","Comerio",NA,0,0,2616
1,3,12,0,12,12056,"012056","Cremenaga",NA,0,0,768
1,3,12,0,12,12057,"012057","Crosio della Valle",NA,0,0,611
1,3,12,0,12,12001,"012001","Agra",NA,0,0,379
1,3,16,0,16,16214,"016214","Torre Boldone",NA,0,82,8333
1,3,16,0,16,16058,"016058","Casazza",NA,0,22,4021
1,3,13,0,13,13095,"013095","Erba",NA,0,27,16503
1,3,13,0,13,13097,"013097","Eupilio",NA,0,7,2769
1,3,13,0,13,13098,"013098","Faggeto Lario",NA,0,0,1235
1,3,15,215,215,15010,"015010","Arluno",NA,0,18,11495
1,3,15,215,215,15011,"015011","Assago",NA,0,9,8124
1,3,12,0,12,12118,"012118","Samarate",NA,0,6,16168
1,3,12,0,12,12119,"012119","Saronno",NA,0,36,38598
1,3,12,0,12,12120,"012120","Sesto Calende",NA,0,0,10819
1,3,13,0,13,13234,"013234","Valsolda",NA,0,0,1647
1,3,13,0,13,13236,"013236","Veleso",NA,0,0,274
1,3,13,0,13,13238,"013238","Veniano",NA,0,0,2887
1,3,13,0,13,13239,"013239","Vercana",NA,0,0,751
1,3,13,0,13,13242,"013242","Vertemate con Minoprio",NA,0,6,3982
1,3,18,0,18,18071,"018071","Gerenzago",NA,0,0,1386
1,3,18,0,18,18072,"018072","Giussago",NA,0,7,5049
1,3,19,0,19,19006,"019006","Bonemerse",NA,0,22,1485
1,3,19,0,19,19007,"019007","Bordolano",NA,0,9,621
1,3,13,0,13,13065,"013065","Cernobbio",NA,0,5,6830
1,3,13,0,13,13068,"013068","Cirimido",NA,0,0,2109
1,3,13,0,13,13071,"013071","Claino con Osteno",NA,0,0,543
1,3,13,0,13,13074,"013074","Colonno",NA,0,0,529
1,3,13,0,13,13077,"013077","Corrido",NA,0,0,841
1,3,13,0,13,13207,"013207","San Nazzaro Val Cavargna",NA,0,0,338
1,3,13,0,13,13099,"013099","Faloppio",NA,0,0,4274
1,3,17,0,17,17144,"017144","Polaveno",NA,0,6,2661
1,3,17,0,17,17148,"017148","Ponte di Legno",NA,0,5,1754
1,3,13,0,13,13110,"013110","Grandate",NA,0,10,2862
1,3,18,0,18,18068,"018068","Gambolò",NA,0,18,9779
1,3,18,0,18,18141,"018141","Sant'Alessio con Vialone",NA,0,0,840
1,3,13,0,13,13228,"013228","Uggiate-Trevano",NA,0,0,4451
1,3,13,0,13,13229,"013229","Valbrona",NA,0,0,2656
1,3,13,0,13,13232,"013232","Valmorea",NA,0,0,2656
1,3,13,0,13,13233,"013233","Val Rezzo",NA,0,0,179
1,3,13,0,13,13119,"013119","Laglio",NA,0,0,917
1,3,19,0,19,19018,"019018","Casaletto Ceredano",NA,0,5,1180
1,3,13,0,13,13085,"013085","Cusino",NA,0,0,238
1,3,13,0,13,13087,"013087","Dizzasco",NA,0,0,565
1,3,13,0,13,13089,"013089","Domaso",NA,0,0,1455
1,3,13,0,13,13090,"013090","Dongo",NA,0,8,3489
1,3,13,0,13,13092,"013092","Dosso del Liro",NA,0,0,275
1,3,13,0,13,13111,"013111","Grandola ed Uniti",NA,0,0,1313
1,3,13,0,13,13113,"013113","Griante",NA,0,0,623
1,3,13,0,13,13114,"013114","Guanzate",NA,0,0,5705
1,3,13,0,13,13118,"013118","Inverigo",NA,0,16,8926
1,3,13,0,13,13121,"013121","Lambrugo",NA,0,5,2469
1,3,13,0,13,13123,"013123","Lasnigo",NA,0,0,462
1,3,13,0,13,13055,"013055","Cassina Rizzardi",NA,0,0,3175
1,3,13,0,13,13058,"013058","Castelmarte",NA,0,0,1286
1,3,13,0,13,13059,"013059","Castelnuovo Bozzente",NA,0,0,889
1,3,13,0,13,13185,"013185","Plesio",NA,0,0,842
1,3,19,0,19,19005,"019005","Bagnolo Cremasco",NA,0,26,4788
1,3,16,0,16,16196,"016196","Sedrina",NA,0,22,2507
1,3,13,0,13,13203,"013203","Sala Comacina",NA,0,9,614
1,3,13,0,13,13204,"013204","San Bartolomeo Val Cavargna",NA,0,0,1041
1,3,13,0,13,13254,"013254","Centro Valle Intelvi",NA,0,0,3227
1,3,13,0,13,13211,"013211","Schignano",NA,0,0,874
1,3,13,0,13,13212,"013212","Senna Comasco",NA,0,0,3171
1,3,13,0,13,13216,"013216","Sorico",NA,0,0,1234
1,3,13,0,13,13100,"013100","Fenegrò",NA,0,0,3147
1,3,13,0,13,13101,"013101","Figino Serenza",NA,0,5,5226
1,3,13,0,13,13102,"013102","Fino Mornasco",NA,0,17,9569
1,3,19,0,19,19078,"019078","Quintano",NA,0,8,910
1,3,19,0,19,19079,"019079","Ricengo",NA,0,5,1770
1,3,19,0,19,19080,"019080","Ripalta Arpina",NA,0,13,1055
1,3,19,0,19,19081,"019081","Ripalta Cremasca",NA,0,30,3394
1,3,12,0,12,12121,"012121","Solbiate Arno",NA,0,0,4274
1,3,12,0,12,12122,"012122","Solbiate Olona",NA,0,0,5579
1,3,12,0,12,12035,"012035","Caronno Varesino",NA,0,0,4940
1,3,12,0,12,12036,"012036","Casale Litta",NA,0,0,2652
1,3,12,0,12,12037,"012037","Casalzuigno",NA,0,0,1304
1,3,12,0,12,12039,"012039","Casorate Sempione",NA,0,0,5726
1,3,12,0,12,12081,"012081","Grantola",NA,0,0,1271
1,3,12,0,12,12082,"012082","Inarzo",NA,0,0,1073
1,3,12,0,12,12084,"012084","Ispra",NA,0,0,5178
1,3,12,0,12,12085,"012085","Jerago con Orago",NA,0,0,5084
1,3,12,0,12,12065,"012065","Dumenza",NA,0,0,1433
1,3,12,0,12,12066,"012066","Duno",NA,0,0,159
1,3,12,0,12,12014,"012014","Biandronno",NA,0,0,3285
1,3,12,0,12,12049,"012049","Cazzago Brabbia",NA,0,0,828
1,3,12,0,12,12067,"012067","Fagnano Olona",NA,0,0,12141
1,3,12,0,12,12068,"012068","Ferno",NA,0,7,6786
1,3,12,0,12,12069,"012069","Ferrera di Varese",NA,0,0,693
1,3,12,0,12,12015,"012015","Bisuschio",NA,0,0,4267
1,3,12,0,12,12016,"012016","Bodio Lomnago",NA,0,0,2119
1,3,12,0,12,12017,"012017","Brebbia",NA,0,0,3362
1,3,12,0,12,12018,"012018","Bregano",NA,0,0,839
1,3,12,0,12,12019,"012019","Brenta",NA,0,0,1798
1,3,12,0,12,12123,"012123","Somma Lombardo",NA,0,5,16905
1,3,12,0,12,12124,"012124","Sumirago",NA,0,0,6254
1,3,12,0,12,12125,"012125","Taino",NA,0,0,3762
1,3,13,0,13,13083,"013083","Cremia",NA,0,0,709
1,3,18,0,18,18142,"018142","Santa Margherita di Staffora",NA,0,0,513
1,3,19,0,19,19012,"019012","Capergnanica",NA,0,11,2095
1,3,19,0,19,19013,"019013","Cappella Cantone",NA,0,6,577
1,3,13,0,13,13075,"013075","Como",NA,1,74,82045
1,3,13,0,13,13106,"013106","Garzeno",NA,0,0,852
1,3,13,0,13,13107,"013107","Gera Lario",NA,0,0,1016
1,3,13,0,13,13252,"013252","Tremezzina",NA,0,11,5078
1,3,97,0,97,97092,"097092","La Valletta Brianza",NA,0,12,4676
1,3,18,0,18,18004,"018004","Albuzzano",NA,0,35,3355
1,3,12,0,12,12131,"012131","Valganna",NA,0,0,1584
1,3,12,0,12,12132,"012132","Varano Borghi",NA,0,0,2418
1,3,12,0,12,12133,"012133","Varese",NA,1,21,79793
1,3,12,0,12,12134,"012134","Vedano Olona",NA,0,0,7301
1,3,13,0,13,13003,"013003","Albavilla",NA,0,0,6255
1,3,13,0,13,13004,"013004","Albese con Cassano",NA,0,0,4164
1,3,13,0,13,13005,"013005","Albiolo",NA,0,0,2679
1,3,13,0,13,13006,"013006","Alserio",NA,0,0,1176
1,3,13,0,13,13120,"013120","Laino",NA,0,0,517
1,3,14,0,14,14043,"014043","Mese",NA,0,0,1747
1,3,14,0,14,14044,"014044","Montagna in Valtellina",NA,0,0,3031
1,3,14,0,14,14045,"014045","Morbegno",NA,0,8,11786
1,3,18,0,18,18147,"018147","Scaldasole",NA,0,0,967
1,3,18,0,18,18148,"018148","Semiana",NA,0,0,257
1,3,19,0,19,19021,"019021","Casalmaggiore",NA,0,79,15111
1,3,20,0,20,20007,"020007","Bozzolo",NA,0,11,4181
1,3,20,0,20,20008,"020008","Canneto sull'Oglio",NA,0,22,4511
1,3,19,0,19,19014,"019014","Cappella de' Picenardi",NA,0,0,439
1,3,19,0,19,19015,"019015","Capralba",NA,0,0,2452
1,3,19,0,19,19082,"019082","Ripalta Guerina",NA,0,0,535
1,3,19,0,19,19083,"019083","Rivarolo del Re ed Uniti",NA,0,8,2077
1,3,13,0,13,13217,"013217","Sormano",NA,0,0,633
1,3,13,0,13,13218,"013218","Stazzona",NA,0,0,634
1,3,13,0,13,13222,"013222","Tavernerio",NA,0,6,5705
1,3,13,0,13,13223,"013223","Torno",NA,0,0,1203
1,3,13,0,13,13226,"013226","Trezzone",NA,0,0,237
1,3,14,0,14,14032,"014032","Gordona",NA,0,8,1903
1,3,12,0,12,12097,"012097","Marchirolo",NA,0,0,3381
1,3,17,0,17,17092,"017092","Lonato del Garda",NA,0,51,15559
1,3,17,0,17,17094,"017094","Losine",NA,0,0,591
1,3,17,0,17,17076,"017076","Gargnano",NA,0,0,3033
1,3,17,0,17,17051,"017051","Cevo",NA,0,8,930
1,3,17,0,17,17078,"017078","Ghedi",NA,0,71,18321
1,3,13,0,13,13186,"013186","Pognana Lario",NA,0,0,764
1,3,13,0,13,13187,"013187","Ponna",NA,0,0,267
1,3,13,0,13,13188,"013188","Ponte Lambro",NA,0,0,4345
1,3,13,0,13,13189,"013189","Porlezza",NA,0,0,4661
1,3,13,0,13,13192,"013192","Proserpio",NA,0,0,892
1,3,13,0,13,13034,"013034","Bulgarograsso",NA,0,5,3883
1,3,13,0,13,13035,"013035","Cabiate",NA,0,5,7412
1,3,13,0,13,13036,"013036","Cadorago",NA,0,7,7631
1,3,13,0,13,13037,"013037","Caglio",NA,0,0,430
1,3,13,0,13,13040,"013040","Campione d'Italia",NA,0,0,2158
1,3,16,0,16,16022,"016022","Bedulita",NA,0,0,723
1,3,12,0,12,12089,"012089","Lonate Ceppino",NA,0,0,4860
1,3,12,0,12,12090,"012090","Lonate Pozzolo",NA,0,0,11748
1,3,12,0,12,12091,"012091","Lozza",NA,0,0,1237
1,3,12,0,12,12092,"012092","Luino",NA,0,0,14276
1,3,12,0,12,12073,"012073","Gazzada Schianno",NA,0,0,4644
1,3,12,0,12,12074,"012074","Gemonio",NA,0,0,2883
1,3,17,0,17,17028,"017028","Breno",NA,0,24,4920
1,3,15,215,215,15142,"015142","Melzo",NA,0,32,18203
1,3,15,215,215,15144,"015144","Mesero",NA,0,6,3909
1,3,15,215,215,15226,"015226","Turbigo",NA,0,7,7389
1,3,15,215,215,15229,"015229","Vanzago",NA,0,6,8914
1,3,15,215,215,15230,"015230","Vaprio d'Adda",NA,0,22,8126
1,3,15,215,215,15184,"015184","Robecco sul Naviglio",NA,0,6,6842
1,3,15,215,215,15185,"015185","Rodano",NA,0,6,4526
1,3,16,0,16,16021,"016021","Barzana",NA,0,8,1790
1,3,17,0,17,17060,"017060","Comezzano-Cizzago",NA,0,11,3717
1,3,12,0,12,12047,"012047","Castronno",NA,0,0,5248
1,3,12,0,12,12058,"012058","Cuasso al Monte",NA,0,0,3604
1,3,12,0,12,12059,"012059","Cugliate-Fabiasco",NA,0,0,3074
1,3,12,0,12,12025,"012025","Buguggiate",NA,0,0,3115
1,3,12,0,12,12026,"012026","Busto Arsizio",NA,0,57,79692
1,3,12,0,12,12027,"012027","Cadegliano-Viconago",NA,0,0,1867
1,3,12,0,12,12009,"012009","Bardello",NA,0,0,1550
1,3,12,0,12,12010,"012010","Bedero Valcuvia",NA,0,0,667
1,3,12,0,12,12011,"012011","Besano",NA,0,0,2603
1,3,12,0,12,12029,"012029","Cairate",NA,0,0,7830
1,3,12,0,12,12012,"012012","Besnate",NA,0,5,5464
1,3,12,0,12,12013,"012013","Besozzo",NA,0,0,8994
1,3,12,0,12,12060,"012060","Cunardo",NA,0,0,2887
1,3,12,0,12,12061,"012061","Curiglia con Monteviasco",NA,0,0,190
1,3,18,0,18,18179,"018179","Villanova d'Ardenghi",NA,0,0,770
1,3,17,0,17,17140,"017140","Pertica Bassa",NA,0,0,686
1,3,17,0,17,17141,"017141","Pezzaze",NA,0,0,1586
1,3,17,0,17,17142,"017142","Pian Camuno",NA,0,15,4400
1,3,16,0,16,16097,"016097","Fara Olivana con Sola",NA,0,0,1268
1,3,16,0,16,16098,"016098","Filago",NA,0,14,3176
1,3,15,215,215,15086,"015086","Cormano",NA,0,50,19944
1,3,15,215,215,15087,"015087","Cornaredo",NA,0,24,20121
1,3,16,0,16,16033,"016033","Bossico",NA,0,0,969
1,3,16,0,16,16099,"016099","Fino del Monte",NA,0,8,1131
1,3,16,0,16,16100,"016100","Fiorano al Serio",NA,0,32,3071
1,3,16,0,16,16044,"016044","Calcio",NA,0,18,5336
1,3,16,0,16,16071,"016071","Cerete",NA,0,12,1646
1,3,16,0,16,16072,"016072","Chignolo d'Isola",NA,0,14,3214
1,3,16,0,16,16093,"016093","Endine Gaiano",NA,0,20,3519
1,3,18,0,18,18077,"018077","Inverno e Monteleone",NA,0,0,1390
1,3,20,0,20,20014,"020014","Castel d'Ario",NA,0,5,4787
1,3,18,0,18,18094,"018094","Montalto Pavese",NA,0,0,924
1,3,18,0,18,18095,"018095","Montebello della Battaglia",NA,0,6,1689
1,3,20,0,20,20028,"020028","Guidizzolo",NA,0,28,6147
1,3,20,0,20,20039,"020039","Pegognaga",NA,0,32,7244
1,3,17,0,17,17031,"017031","Caino",NA,0,0,2079
1,3,17,0,17,17032,"017032","Calcinato",NA,0,41,12599
1,3,17,0,17,17203,"017203","Visano",NA,0,8,1933
1,3,18,0,18,18178,"018178","Villa Biscossi",NA,0,0,75
1,3,17,0,17,17104,"017104","Marcheno",NA,0,0,4359
1,3,17,0,17,17079,"017079","Gianico",NA,0,20,2196
1,3,17,0,17,17080,"017080","Gottolengo",NA,0,25,5238
1,3,17,0,17,17039,"017039","Carpenedolo",NA,0,71,12649
1,3,17,0,17,17040,"017040","Castegnato",NA,0,45,8031
1,3,17,0,17,17041,"017041","Castelcovati",NA,0,25,6593
1,3,17,0,17,17054,"017054","Cimbergo",NA,0,0,562
1,3,17,0,17,17055,"017055","Cividate Camuno",NA,0,13,2762
1,3,17,0,17,17056,"017056","Coccaglio",NA,0,49,8469
1,3,17,0,17,17033,"017033","Calvagese della Riviera",NA,0,0,3461
1,3,17,0,17,17090,"017090","Lodrino",NA,0,5,1750
1,3,17,0,17,17042,"017042","Castel Mella",NA,0,45,10840
1,3,17,0,17,17100,"017100","Malegno",NA,0,15,2078
1,3,17,0,17,17101,"017101","Malonno",NA,0,11,3320
1,3,17,0,17,17082,"017082","Idro",NA,0,0,1892
1,3,17,0,17,17091,"017091","Lograto",NA,0,16,3793
1,3,17,0,17,17093,"017093","Longhena",NA,0,7,607
1,3,17,0,17,17074,"017074","Gardone Riviera",NA,0,13,2713
1,3,17,0,17,17102,"017102","Manerba del Garda",NA,0,10,4902
1,3,17,0,17,17081,"017081","Gussago",NA,0,74,16403
1,3,17,0,17,17043,"017043","Castenedolo",NA,0,45,11160
1,3,17,0,17,17075,"017075","Gardone Val Trompia",NA,0,39,11700
1,3,17,0,17,17050,"017050","Ceto",NA,0,8,1950
1,3,17,0,17,17044,"017044","Casto",NA,0,10,1864
1,3,17,0,17,17103,"017103","Manerbio",NA,0,110,12869
1,3,17,0,17,17066,"017066","Dello",NA,0,33,5576
1,3,17,0,17,17067,"017067","Desenzano del Garda",NA,0,84,26793
1,3,17,0,17,17062,"017062","Corte Franca",NA,0,22,7078
1,3,17,0,17,17083,"017083","Incudine",NA,0,0,403
1,3,17,0,17,17084,"017084","Irma",NA,0,0,147
1,3,16,0,16,16111,"016111","Gazzaniga",NA,0,60,5160
1,3,16,0,16,16113,"016113","Ghisalba",NA,0,14,5923
1,3,19,0,19,19051,"019051","Grumello Cremonese ed Uniti",NA,0,10,1873
1,3,19,0,19,19052,"019052","Gussola",NA,0,13,2873
1,3,15,215,215,15032,"015032","Bresso",NA,0,127,25712
1,3,19,0,19,19022,"019022","Casalmorano",NA,0,17,1680
1,3,19,0,19,19023,"019023","Casteldidone",NA,0,0,576
1,3,20,0,20,20027,"020027","Gonzaga",NA,0,14,9138
1,3,14,0,14,14056,"014056","Rogolo",NA,0,0,564
1,3,14,0,14,14057,"014057","Samolaco",NA,0,0,2884
1,3,14,0,14,14069,"014069","Traona",NA,0,0,2536
1,3,14,0,14,14070,"014070","Tresivio",NA,0,0,2002
1,3,14,0,14,14072,"014072","Valdisotto",NA,0,0,3533
1,3,14,0,14,14046,"014046","Novate Mezzola",NA,0,0,1814
1,3,14,0,14,14047,"014047","Pedesina",NA,0,0,30
1,3,14,0,14,14048,"014048","Piantedo",NA,0,0,1321
1,3,20,0,20,20055,"020055","San Benedetto Po",NA,0,12,7724
1,3,18,0,18,18074,"018074","Golferenzo",NA,0,0,206
1,3,18,0,18,18016,"018016","Borgo Priolo",NA,0,0,1382
1,3,18,0,18,18075,"018075","Gravellona Lomellina",NA,0,9,2688
1,3,20,0,20,20010,"020010","Casalmoro",NA,0,14,2204
1,3,20,0,20,20011,"020011","Casaloldo",NA,0,7,2621
1,3,20,0,20,20012,"020012","Casalromano",NA,0,6,1551
1,3,17,0,17,17128,"017128","Ossimo",NA,0,6,1442
1,3,17,0,17,17129,"017129","Padenghe sul Garda",NA,0,16,4276
1,3,17,0,17,17130,"017130","Paderno Franciacorta",NA,0,13,3699
1,3,20,0,20,20013,"020013","Castelbelforte",NA,0,5,3069
1,3,13,0,13,13249,"013249","Gravedona ed Uniti",NA,0,8,4209
1,3,17,0,17,17206,"017206","Piancogno",NA,0,17,4679
1,3,18,0,18,18003,"018003","Albonese",NA,0,0,565
1,3,20,0,20,20072,"020072","Borgo Mantovano",NA,0,18,5619
1,3,19,0,19,19089,"019089","San Daniele Po",NA,0,12,1419
1,3,18,0,18,18090,"018090","Mezzana Bigli",NA,0,0,1108
1,3,12,0,12,12140,"012140","Vizzola Ticino",NA,0,0,576
1,3,12,0,12,12141,"012141","Sangiano",NA,0,0,1536
1,3,14,0,14,14078,"014078","Villa di Tirano",NA,0,8,2957
1,3,15,215,215,15002,"015002","Abbiategrasso",NA,0,47,30994
1,3,15,215,215,15005,"015005","Albairate",NA,0,0,4621
1,3,18,0,18,18111,"018111","Pietra de' Giorgi",NA,0,0,915
1,3,15,215,215,15118,"015118","Legnano",NA,0,86,57647
1,3,17,0,17,17061,"017061","Concesio",NA,0,68,14813
1,3,12,0,12,12108,"012108","Olgiate Olona",NA,0,14,12215
1,3,14,0,14,14050,"014050","Piuro",NA,0,0,1950
1,3,14,0,14,14061,"014061","Sondrio",NA,1,22,21642
1,3,14,0,14,14062,"014062","Spriana",NA,0,0,101
1,3,14,0,14,14019,"014019","Chiesa in Valmalenco",NA,0,0,2591
1,3,108,0,108,108030,"108030","Meda",NA,0,12,23073
1,3,108,0,108,108031,"108031","Mezzago",NA,0,7,4106
1,3,108,0,108,108032,"108032","Misinto",NA,0,0,5195
1,3,16,0,16,16034,"016034","Bottanuco",NA,0,13,5176
1,3,16,0,16,16035,"016035","Bracca",NA,0,0,749
1,3,16,0,16,16036,"016036","Branzi",NA,0,0,732
1,3,15,215,215,15072,"015072","Cerro Maggiore",NA,0,18,14735
1,3,15,215,215,15173,"015173","Pieve Emanuele",NA,0,23,14868
1,3,15,215,215,15175,"015175","Pioltello",NA,0,79,35066
1,3,16,0,16,16003,"016003","Albano Sant'Alessandro",NA,0,37,8029
1,3,16,0,16,16050,"016050","Capizzone",NA,0,9,1301
1,3,16,0,16,16051,"016051","Capriate San Gervasio",NA,0,40,7777
1,3,15,215,215,15093,"015093","Corsico",NA,0,31,33669
1,3,15,215,215,15096,"015096","Cuggiono",NA,0,7,8142
1,3,15,215,215,15188,"015188","Rosate",NA,0,8,5395
1,3,16,0,16,16068,"016068","Cenate Sopra",NA,0,15,2505
1,3,16,0,16,16069,"016069","Cenate Sotto",NA,0,9,3494
1,3,16,0,16,16070,"016070","Cene",NA,0,30,4229
1,3,19,0,19,19090,"019090","San Giovanni in Croce",NA,0,7,1875
1,3,19,0,19,19091,"019091","San Martino del Lago",NA,0,0,473
1,3,18,0,18,18189,"018189","Zerbolò",NA,0,0,1653
1,3,19,0,19,19001,"019001","Acquanegra Cremonese",NA,0,19,1302
1,3,18,0,18,18159,"018159","Torre d'Isola",NA,0,0,2395
1,3,18,0,18,18160,"018160","Torrevecchia Pia",NA,0,0,3427
1,3,18,0,18,18161,"018161","Torricella Verzate",NA,0,0,837
1,3,18,0,18,18125,"018125","Rocca de' Giorgi",NA,0,0,79
1,3,18,0,18,18126,"018126","Rocca Susella",NA,0,0,234
1,3,18,0,18,18127,"018127","Rognano",NA,0,0,619
1,3,19,0,19,19092,"019092","Scandolara Ravara",NA,0,18,1466
1,3,19,0,19,19093,"019093","Scandolara Ripa d'Oglio",NA,0,9,623
1,3,18,0,18,18102,"018102","Mortara",NA,0,43,15156
1,3,17,0,17,17136,"017136","Passirano",NA,0,38,7114
1,3,17,0,17,17137,"017137","Pavone del Mella",NA,0,29,2838
1,3,20,0,20,20062,"020062","Serravalle a Po",NA,0,0,1593
1,3,20,0,20,20063,"020063","Solferino",NA,0,0,2531
1,3,20,0,20,20064,"020064","Sustinente",NA,0,0,2240
1,3,20,0,20,20022,"020022","Dosolo",NA,0,21,3385
1,3,20,0,20,20024,"020024","Gazoldo degli Ippoliti",NA,0,14,2968
1,3,20,0,20,20025,"020025","Gazzuolo",NA,0,5,2392
1,3,18,0,18,18098,"018098","Montesegale",NA,0,0,307
1,3,20,0,20,20033,"020033","Marmirolo",NA,0,8,7759
1,3,20,0,20,20034,"020034","Medole",NA,0,6,4038
1,3,20,0,20,20043,"020043","Pomponesco",NA,0,5,1763
1,3,20,0,20,20044,"020044","Ponti sul Mincio",NA,0,0,2272
1,3,18,0,18,18185,"018185","Zeccone",NA,0,0,1696
1,3,20,0,20,20045,"020045","Porto Mantovano",NA,0,16,15918
1,3,20,0,20,20046,"020046","Quingentole",NA,0,0,1194
1,3,15,215,215,15176,"015176","Pogliano Milanese",NA,0,17,8141
1,3,15,215,215,15177,"015177","Pozzo d'Adda",NA,0,20,5667
1,3,16,0,16,16014,"016014","Averara",NA,0,0,182
1,3,16,0,16,16052,"016052","Caprino Bergamasco",NA,0,11,3127
1,3,16,0,16,16079,"016079","Cologno al Serio",NA,0,37,10596
1,3,15,215,215,15189,"015189","Rozzano",NA,0,67,39983
1,3,15,215,215,15191,"015191","San Colombano al Lambro",NA,0,42,7336
1,3,16,0,16,16082,"016082","Corna Imagna",NA,0,6,953
1,3,17,0,17,17187,"017187","Toscolano-Maderno",NA,0,7,7994
1,3,17,0,17,17188,"017188","Travagliato",NA,0,26,13447
1,3,17,0,17,17123,"017123","Ome",NA,0,14,3238
1,3,17,0,17,17199,"017199","Villa Carcina",NA,0,42,10755
1,3,17,0,17,17200,"017200","Villachiara",NA,0,13,1432
1,3,20,0,20,20054,"020054","Sabbioneta",NA,0,13,4313
1,3,18,0,18,18073,"018073","Godiasco Salice Terme",NA,0,7,3130
1,3,17,0,17,17204,"017204","Vobarno",NA,0,16,8150
1,3,18,0,18,18001,"018001","Alagna",NA,0,0,882
1,3,17,0,17,17173,"017173","San Zeno Naviglio",NA,0,22,4601
1,3,17,0,17,17111,"017111","Monte Isola",NA,0,0,1804
1,3,17,0,17,17112,"017112","Monticelli Brusati",NA,0,19,4401
1,3,17,0,17,17193,"017193","Vallio Terme",NA,0,5,1372
1,3,17,0,17,17124,"017124","Ono San Pietro",NA,0,0,1002
1,3,12,0,12,12107,"012107","Oggiona con Santo Stefano",NA,0,0,4295
1,3,13,0,13,13202,"013202","Rovello Porro",NA,0,0,6035
1,3,18,0,18,18145,"018145","San Zenone al Po",NA,0,0,598
1,3,19,0,19,19016,"019016","Casalbuttano ed Uniti",NA,0,29,4103
1,3,19,0,19,19017,"019017","Casale Cremasco-Vidolasco",NA,0,7,1826
1,3,17,0,17,17001,"017001","Acquafredda",NA,0,12,1579
1,3,16,0,16,16008,"016008","Alzano Lombardo",NA,0,157,13591
1,3,16,0,16,16009,"016009","Ambivere",NA,0,10,2354
1,3,16,0,16,16010,"016010","Antegnate",NA,0,0,3107
1,3,16,0,16,16011,"016011","Arcene",NA,0,22,4731
1,3,16,0,16,16129,"016129","Lurano",NA,0,11,2580
1,3,16,0,16,16130,"016130","Luzzana",NA,0,0,891
1,3,16,0,16,16174,"016174","Predore",NA,0,17,1859
1,3,16,0,16,16175,"016175","Premolo",NA,0,12,1171
1,3,17,0,17,17019,"017019","Bione",NA,0,5,1471
1,3,17,0,17,17002,"017002","Adro",NA,0,24,7114
1,3,16,0,16,16213,"016213","Terno d'Isola",NA,0,33,7665
1,3,16,0,16,16167,"016167","Pognano",NA,0,5,1581
1,3,15,215,215,15166,"015166","Paderno Dugnano",NA,0,58,46562
1,3,15,215,215,15167,"015167","Pantigliate",NA,0,25,5841
1,3,15,215,215,15168,"015168","Parabiago",NA,0,29,26617
1,3,19,0,19,19099,"019099","Sospiro",NA,0,28,3236
1,3,16,0,16,16224,"016224","Valbrembo",NA,0,26,3886
1,3,16,0,16,16127,"016127","Locatello",NA,0,0,819
1,3,16,0,16,16128,"016128","Lovere",NA,0,28,5318
1,3,16,0,16,16187,"016187","Rovetta",NA,0,40,3953
1,3,16,0,16,16168,"016168","Ponte Nossa",NA,0,18,1913
1,3,16,0,16,16250,"016250","Medolago",NA,0,9,2340
1,3,16,0,16,16251,"016251","Solza",NA,0,13,1961
1,3,16,0,16,16028,"016028","Bolgare",NA,0,35,5760
1,3,16,0,16,16029,"016029","Boltiere",NA,0,22,5814
1,3,15,215,215,15220,"015220","Trezzano sul Naviglio",NA,0,14,20018
1,3,15,215,215,15221,"015221","Trezzo sull'Adda",NA,0,65,11883
1,3,15,215,215,15222,"015222","Tribiano",NA,0,9,3312
1,3,15,215,215,15224,"015224","Truccazzano",NA,0,8,5968
1,3,16,0,16,16018,"016018","Bagnatica",NA,0,27,4154
1,3,17,0,17,17025,"017025","Bovezzo",NA,0,31,7483
1,3,19,0,19,19045,"019045","Gabbioneta-Binanuova",NA,0,11,899
1,3,14,0,14,14064,"014064","Tartano",NA,0,0,190
1,3,14,0,14,14066,"014066","Tirano",NA,0,22,9073
1,3,14,0,14,14073,"014073","Valfurva",NA,0,9,2703
1,3,14,0,14,14074,"014074","Val Masino",NA,0,0,939
1,3,14,0,14,14075,"014075","Verceia",NA,0,0,1093
1,3,14,0,14,14076,"014076","Vervio",NA,0,0,209
1,3,14,0,14,14022,"014022","Civo",NA,0,0,1114
1,3,14,0,14,14023,"014023","Colorina",NA,0,0,1460
1,3,14,0,14,14024,"014024","Cosio Valtellino",NA,0,0,5400
1,3,14,0,14,14025,"014025","Dazio",NA,0,0,424
1,3,14,0,14,14036,"014036","Lanzada",NA,0,5,1372
1,3,14,0,14,14038,"014038","Lovero",NA,0,0,667
1,3,14,0,14,14039,"014039","Mantello",NA,0,0,732
1,3,14,0,14,14077,"014077","Villa di Chiavenna",NA,0,0,1030
1,3,14,0,14,14037,"014037","Livigno",NA,0,9,5976
1,3,18,0,18,18099,"018099","Monticelli Pavese",NA,0,0,711
1,3,18,0,18,18100,"018100","Montù Beccaria",NA,0,0,1722
1,3,18,0,18,18181,"018181","Vistarino",NA,0,0,1546
1,3,18,0,18,18182,"018182","Voghera",NA,0,142,38174
1,3,18,0,18,18183,"018183","Volpara",NA,0,0,133
1,3,14,0,14,14040,"014040","Mazzo di Valtellina",NA,0,0,1041
1,3,14,0,14,14041,"014041","Mello",NA,0,0,1001
1,3,18,0,18,18186,"018186","Zeme",NA,0,0,1082
1,3,18,0,18,18187,"018187","Zenevredo",NA,0,0,478
1,3,20,0,20,20035,"020035","Moglia",NA,0,8,5923
1,3,20,0,20,20036,"020036","Monzambano",NA,0,6,4837
1,3,17,0,17,17172,"017172","San Gervasio Bresciano",NA,0,10,2469
1,3,18,0,18,18040,"018040","Castelnovetto",NA,0,0,624
1,3,18,0,18,18041,"018041","Cava Manara",NA,0,16,6586
1,3,18,0,18,18024,"018024","Broni",NA,0,28,9073
1,3,17,0,17,17161,"017161","Rezzato",NA,0,40,12933
1,3,17,0,17,17162,"017162","Roccafranca",NA,0,22,4767
1,3,17,0,17,17182,"017182","Sulzano",NA,0,10,1892
1,3,18,0,18,18042,"018042","Cecima",NA,0,0,233
1,3,18,0,18,18043,"018043","Ceranova",NA,0,0,1894
1,3,18,0,18,18026,"018026","Campospinoso",NA,0,0,990
1,3,18,0,18,18027,"018027","Candia Lomellina",NA,0,0,1636
1,3,20,0,20,20015,"020015","Castel Goffredo",NA,0,53,12065
1,3,20,0,20,20068,"020068","Villimpenta",NA,0,0,2205
1,3,20,0,20,20070,"020070","Volta Mantovana",NA,0,27,7298
1,3,20,0,20,20058,"020058","San Giovanni del Dosso",NA,0,7,1298
1,3,20,0,20,20059,"020059","San Martino dall'Argine",NA,0,0,1811
1,3,20,0,20,20060,"020060","Schivenoglia",NA,0,27,1240
1,3,16,0,16,16019,"016019","Barbata",NA,0,0,698
1,3,16,0,16,16020,"016020","Bariano",NA,0,12,4350
1,3,16,0,16,16074,"016074","Cisano Bergamasco",NA,0,26,6268
1,3,15,215,215,15158,"015158","Noviglio",NA,0,0,4237
1,3,15,215,215,15159,"015159","Opera",NA,0,10,13226
1,3,15,215,215,15164,"015164","Ossona",NA,0,10,4134
1,3,15,215,215,15165,"015165","Ozzero",NA,0,0,1467
1,3,16,0,16,16086,"016086","Costa Volpino",NA,0,27,9194
1,3,16,0,16,16087,"016087","Covo",NA,0,25,4066
1,3,16,0,16,16088,"016088","Credaro",NA,0,10,3336
1,3,16,0,16,16040,"016040","Brignano Gera d'Adda",NA,0,16,5937
1,3,16,0,16,16041,"016041","Brumano",NA,0,0,95
1,3,16,0,16,16077,"016077","Clusone",NA,0,84,8678
1,3,16,0,16,16075,"016075","Ciserano",NA,0,19,5688
1,3,16,0,16,16076,"016076","Cividate al Piano",NA,0,31,5157
1,3,15,215,215,15081,"015081","Cologno Monzese",NA,0,153,45786
1,3,16,0,16,16004,"016004","Albino",NA,0,177,18087
1,3,16,0,16,16005,"016005","Almè",NA,0,40,5665
1,3,15,215,215,15105,"015105","Garbagnate Milanese",NA,0,30,26262
1,3,15,215,215,15106,"015106","Gessate",NA,0,14,8664
1,3,15,215,215,15108,"015108","Gorgonzola",NA,0,29,19402
1,3,15,215,215,15110,"015110","Grezzago",NA,0,0,2842
1,3,15,215,215,15112,"015112","Gudo Visconti",NA,0,0,1711
1,3,16,0,16,16078,"016078","Colere",NA,0,10,1137
1,3,15,215,215,15139,"015139","Mediglia",NA,0,54,12080
1,3,15,215,215,15140,"015140","Melegnano",NA,0,27,16774
1,3,15,215,215,15082,"015082","Colturano",NA,0,0,1952
1,3,15,215,215,15085,"015085","Corbetta",NA,0,31,17460
1,3,15,215,215,15183,"015183","Robecchetto con Induno",NA,0,5,4869
1,3,15,215,215,15200,"015200","Santo Stefano Ticino",NA,0,8,4801
1,3,15,215,215,15201,"015201","San Vittore Olona",NA,0,18,8254
1,3,15,215,215,15202,"015202","San Zenone al Lambro",NA,0,15,4186
1,3,15,215,215,15204,"015204","Sedriano",NA,0,37,11270
1,3,16,0,16,16030,"016030","Bonate Sopra",NA,0,38,8920
1,3,16,0,16,16031,"016031","Bonate Sotto",NA,0,18,6455
1,3,16,0,16,16032,"016032","Borgo di Terzo",NA,0,7,1090
1,3,15,215,215,15236,"015236","Vernate",NA,0,8,3181
1,3,16,0,16,16042,"016042","Brusaporto",NA,0,26,5393
1,3,16,0,16,16043,"016043","Calcinate",NA,0,24,5782
1,3,16,0,16,16023,"016023","Berbenno",NA,0,12,2442
1,3,16,0,16,16025,"016025","Berzo San Fermo",NA,0,10,1298
1,3,16,0,16,16094,"016094","Entratico",NA,0,5,1878
1,3,16,0,16,16096,"016096","Fara Gera d'Adda",NA,0,19,7913
1,3,16,0,16,16121,"016121","Isola di Fondra",NA,0,0,192
1,3,16,0,16,16122,"016122","Isso",NA,0,0,660
1,3,16,0,16,16123,"016123","Lallio",NA,0,16,4124
1,3,15,215,215,15055,"015055","Casarile",NA,0,8,3867
1,3,15,215,215,15058,"015058","Casorezzo",NA,0,11,5355
1,3,15,215,215,15059,"015059","Cassano d'Adda",NA,0,37,18552
1,3,20,0,20,20066,"020066","Viadana",NA,0,77,19157
1,3,14,0,14,14058,"014058","San Giacomo Filippo",NA,0,0,395
1,3,14,0,14,14059,"014059","Sernio",NA,0,0,500
1,3,14,0,14,14014,"014014","Castello dell'Acqua",NA,0,0,643
1,3,14,0,14,14015,"014015","Castione Andevenno",NA,0,0,1562
1,3,14,0,14,14030,"014030","Fusine",NA,0,0,611
1,3,14,0,14,14031,"014031","Gerola Alta",NA,0,0,189
1,3,19,0,19,19002,"019002","Agnadello",NA,0,23,3757
1,3,20,0,20,20003,"020003","Bagnolo San Vito",NA,0,6,5874
1,3,18,0,18,18114,"018114","Pieve Porto Morone",NA,0,26,2788
1,3,19,0,19,19056,"019056","Malagnino",NA,0,17,1525
1,3,19,0,19,19057,"019057","Martignana di Po",NA,0,13,1893
1,3,19,0,19,19104,"019104","Ticengo",NA,0,0,448
1,3,19,0,19,19105,"019105","Torlino Vimercati",NA,0,0,449
1,3,19,0,19,19106,"019106","Tornata",NA,0,0,491
1,3,19,0,19,19100,"019100","Spinadesco",NA,0,13,1575
1,3,19,0,19,19101,"019101","Spineda",NA,0,6,633
1,3,19,0,19,19102,"019102","Spino d'Adda",NA,0,17,6851
1,3,19,0,19,19103,"019103","Stagno Lombardo",NA,0,16,1570
1,3,18,0,18,18117,"018117","Ponte Nizza",NA,0,9,811
1,3,18,0,18,18118,"018118","Portalbera",NA,0,0,1551
1,3,18,0,18,18119,"018119","Rea",NA,0,0,432
1,3,19,0,19,19060,"019060","Moscazzano",NA,0,5,822
1,3,19,0,19,19061,"019061","Motta Baluffi",NA,0,6,980
1,3,19,0,19,19062,"019062","Offanengo",NA,0,59,5869
1,3,19,0,19,19097,"019097","Soncino",NA,0,38,7699
1,3,19,0,19,19032,"019032","Corte de' Cortesi con Cignone",NA,0,7,1123
1,3,20,0,20,20030,"020030","Mantova",NA,1,77,46649
1,3,16,0,16,16153,"016153","Osio Sotto",NA,0,61,12080
1,3,16,0,16,16154,"016154","Pagazzano",NA,0,5,2082
1,3,16,0,16,16155,"016155","Paladina",NA,0,36,3996
1,3,18,0,18,18120,"018120","Redavalle",NA,0,0,1056
1,3,18,0,18,18121,"018121","Retorbido",NA,0,5,1506
1,3,18,0,18,18165,"018165","Trovo",NA,0,0,1023
1,3,19,0,19,19098,"019098","Soresina",NA,0,99,8995
1,3,15,215,215,15125,"015125","Locate di Triulzi",NA,0,21,9655
1,3,16,0,16,16015,"016015","Aviatico",NA,0,0,517
1,3,15,215,215,15060,"015060","Cassina de' Pecchi",NA,0,18,13206
1,3,15,215,215,15061,"015061","Cassinetta di Lugagnano",NA,0,0,1884
1,3,16,0,16,16223,"016223","Valbondione",NA,0,12,1085
1,3,16,0,16,16131,"016131","Madone",NA,0,11,3943
1,3,16,0,16,16144,"016144","Nembro",NA,0,184,11542
1,3,16,0,16,16238,"016238","Villa d'Adda",NA,0,25,4735
1,3,16,0,16,16239,"016239","Villa d'Almè",NA,0,47,6811
1,3,16,0,16,16240,"016240","Villa di Serio",NA,0,66,6620
1,3,15,215,215,15170,"015170","Pero",NA,0,16,10291
1,3,15,215,215,15171,"015171","Peschiera Borromeo",NA,0,40,22254
1,3,15,215,215,15172,"015172","Pessano con Bornago",NA,0,14,9064
1,3,16,0,16,16013,"016013","Arzago d'Adda",NA,0,5,2760
1,3,16,0,16,16132,"016132","Mapello",NA,0,36,6453
1,3,16,0,16,16133,"016133","Martinengo",NA,0,57,10088
1,3,16,0,16,16147,"016147","Oltressenda Alta",NA,0,0,174
1,3,16,0,16,16146,"016146","Oltre il Colle",NA,0,10,1058
1,3,16,0,16,16148,"016148","Oneta",NA,0,0,652
1,3,16,0,16,16012,"016012","Ardesio",NA,0,15,3632
1,3,16,0,16,16177,"016177","Pumenengo",NA,0,6,1695
1,3,16,0,16,16178,"016178","Ranica",NA,0,36,5986
1,3,16,0,16,16179,"016179","Ranzanico",NA,0,8,1261
1,3,16,0,16,16188,"016188","San Giovanni Bianco",NA,0,42,5071
1,3,16,0,16,16189,"016189","San Paolo d'Argon",NA,0,33,5386
1,3,16,0,16,16190,"016190","San Pellegrino Terme",NA,0,36,4950
1,3,16,0,16,16061,"016061","Cassiglio",NA,0,0,122
1,3,16,0,16,16062,"016062","Castelli Calepio",NA,0,51,9612
1,3,16,0,16,16063,"016063","Castel Rozzone",NA,0,15,2896
1,3,16,0,16,16065,"016065","Castro",NA,0,6,1383
1,3,16,0,16,16225,"016225","Valgoglio",NA,0,0,607
1,3,16,0,16,16226,"016226","Valleve",NA,0,0,136
1,3,17,0,17,17020,"017020","Borgo San Giacomo",NA,0,55,5496
1,3,17,0,17,17021,"017021","Borgosatollo",NA,0,67,9094
1,3,16,0,16,16237,"016237","Vigolo",NA,0,6,607
1,3,16,0,16,16191,"016191","Santa Brigida",NA,0,5,597
1,3,15,215,215,15062,"015062","Castano Primo",NA,0,14,10990
1,3,15,215,215,15070,"015070","Cernusco sul Naviglio",NA,0,69,30697
1,3,16,0,16,16114,"016114","Gorlago",NA,0,24,5028
1,3,16,0,16,16115,"016115","Gorle",NA,0,42,6445
1,3,16,0,16,16116,"016116","Gorno",NA,0,19,1636
1,3,16,0,16,16194,"016194","Scanzorosciate",NA,0,53,9835
1,3,16,0,16,16103,"016103","Foppolo",NA,0,0,202
1,3,16,0,16,16104,"016104","Foresto Sparso",NA,0,15,3153
1,3,17,0,17,17010,"017010","Bagolino",NA,0,7,3940
1,3,16,0,16,16218,"016218","Trescore Balneario",NA,0,48,9427
1,3,16,0,16,16139,"016139","Montello",NA,0,21,3173
1,3,16,0,16,16140,"016140","Morengo",NA,0,8,2581
1,3,16,0,16,16141,"016141","Mornico al Serio",NA,0,12,2890
1,3,16,0,16,16161,"016161","Peia",NA,0,9,1864
1,3,16,0,16,16162,"016162","Pianico",NA,0,8,1512
1,3,16,0,16,16163,"016163","Piario",NA,0,11,1109
1,3,16,0,16,16164,"016164","Piazza Brembana",NA,0,5,1235
1,3,17,0,17,17024,"017024","Bovegno",NA,0,0,2269
1,3,16,0,16,16219,"016219","Treviglio",NA,0,110,28410
1,3,16,0,16,16124,"016124","Leffe",NA,0,36,4671
1,3,16,0,16,16125,"016125","Lenna",NA,0,7,641
1,3,16,0,16,16184,"016184","Roncobello",NA,0,0,429
1,3,16,0,16,16185,"016185","Roncola",NA,0,0,739
1,3,16,0,16,16186,"016186","Rota d'Imagna",NA,0,6,926
1,3,16,0,16,16247,"016247","Costa Serina",NA,0,8,973
1,3,16,0,16,16248,"016248","Algua",NA,0,0,721
1,3,16,0,16,16249,"016249","Cornalba",NA,0,0,301
1,3,16,0,16,16105,"016105","Fornovo San Giovanni",NA,0,14,3319
1,3,16,0,16,16006,"016006","Almenno San Bartolomeo",NA,0,21,6030
1,3,16,0,16,16007,"016007","Almenno San Salvatore",NA,0,21,5831
1,3,16,0,16,16126,"016126","Levate",NA,0,17,3802
1,3,16,0,16,16171,"016171","Pontida",NA,0,12,3210
1,3,16,0,16,16172,"016172","Pontirolo Nuovo",NA,0,16,4993
1,3,17,0,17,17016,"017016","Berzo Demo",NA,0,5,1720
1,3,17,0,17,17017,"017017","Berzo Inferiore",NA,0,8,2456
1,3,16,0,16,16210,"016210","Taleggio",NA,0,0,603
1,3,16,0,16,16211,"016211","Tavernola Bergamasca",NA,0,13,2140
1,3,16,0,16,16056,"016056","Carona",NA,0,0,359
1,3,16,0,16,16057,"016057","Carvico",NA,0,16,4666
1,3,15,215,215,15042,"015042","Calvignasco",NA,0,0,1182
1,3,16,0,16,16173,"016173","Pradalunga",NA,0,43,4636
1,3,17,0,17,17006,"017006","Angolo Terme",NA,0,11,2503
1,3,16,0,16,16230,"016230","Vedeseta",NA,0,0,210
1,3,16,0,16,16232,"016232","Verdellino",NA,0,33,7654
1,3,16,0,16,16233,"016233","Verdello",NA,0,35,7748
1,3,16,0,16,16212,"016212","Telgate",NA,0,31,4857
1,3,16,0,16,16117,"016117","Grassobbio",NA,0,44,6345
1,3,16,0,16,16118,"016118","Gromo",NA,0,13,1239
1,3,15,215,215,15044,"015044","Cambiago",NA,0,8,6508
1,3,15,215,215,15046,"015046","Canegrate",NA,0,13,12438
1,3,15,215,215,15050,"015050","Carpiano",NA,0,5,3976
1,3,15,215,215,15051,"015051","Carugate",NA,0,31,14175
1,3,17,0,17,17007,"017007","Artogne",NA,0,19,3571
1,3,16,0,16,16220,"016220","Treviolo",NA,0,59,10302
1,3,16,0,16,16221,"016221","Ubiale Clanezzo",NA,0,10,1399
1,3,16,0,16,16142,"016142","Mozzanica",NA,0,9,4574
1,3,16,0,16,16143,"016143","Mozzo",NA,0,41,7460
1,3,16,0,16,16145,"016145","Olmo al Brembo",NA,0,0,518
1,3,16,0,16,16119,"016119","Grone",NA,0,5,913
1,3,16,0,16,16165,"016165","Piazzatorre",NA,0,0,437
1,3,16,0,16,16166,"016166","Piazzolo",NA,0,0,84
1,3,18,0,18,18188,"018188","Zerbo",NA,0,0,445
1,3,20,0,20,20047,"020047","Quistello",NA,0,7,5722
1,3,14,0,14,14052,"014052","Ponte in Valtellina",NA,0,0,2304
1,3,14,0,14,14053,"014053","Postalesio",NA,0,0,659
1,3,14,0,14,14054,"014054","Prata Camportaccio",NA,0,0,2921
1,3,14,0,14,14065,"014065","Teglio",NA,0,7,4654
1,3,17,0,17,17109,"017109","Moniga del Garda",NA,0,9,2436
1,3,17,0,17,17191,"017191","Treviso Bresciano",NA,0,0,566
1,3,18,0,18,18005,"018005","Arena Po",NA,0,8,1625
1,3,18,0,18,18006,"018006","Badia Pavese",NA,0,0,402
1,3,17,0,17,17155,"017155","Prevalle",NA,0,10,6816
1,3,17,0,17,17179,"017179","Sirmione",NA,0,18,7438
1,3,17,0,17,17192,"017192","Urago d'Oglio",NA,0,11,3877
1,3,17,0,17,17121,"017121","Odolo",NA,0,0,2086
1,3,17,0,17,17122,"017122","Offlaga",NA,0,20,4269
1,3,18,0,18,18007,"018007","Bagnaria",NA,0,0,675
1,3,18,0,18,18112,"018112","Pieve Albignola",NA,0,0,916
1,3,18,0,18,18155,"018155","Torrazza Coste",NA,0,7,1693
1,3,16,0,16,16201,"016201","Songavazzo",NA,0,12,702
1,3,16,0,16,16202,"016202","Sorisole",NA,0,40,9097
1,3,18,0,18,18166,"018166","Val di Nizza",NA,0,0,655
1,3,18,0,18,18167,"018167","Valeggio",NA,0,0,236
1,3,19,0,19,19044,"019044","Formigara",NA,0,6,1116
1,3,18,0,18,18133,"018133","San Cipriano Po",NA,0,0,516
1,3,18,0,18,18134,"018134","San Damiano al Colle",NA,0,0,719
1,3,18,0,18,18156,"018156","Torre Beretti e Castellaro",NA,0,0,588
1,3,18,0,18,18157,"018157","Torre d'Arese",NA,0,0,977
1,3,18,0,18,18158,"018158","Torre de' Negri",NA,0,0,347
1,3,16,0,16,16199,"016199","Serina",NA,0,13,2165
1,3,16,0,16,16016,"016016","Azzano San Paolo",NA,0,34,7597
1,3,15,215,215,15022,"015022","Besate",NA,0,0,2022
1,3,15,215,215,15024,"015024","Binasco",NA,0,11,7158
1,3,15,215,215,15026,"015026","Boffalora sopra Ticino",NA,0,5,4195
1,3,14,0,14,14016,"014016","Cedrasco",NA,0,0,455
1,3,14,0,14,14017,"014017","Cercino",NA,0,0,754
1,3,14,0,14,14018,"014018","Chiavenna",NA,0,0,7297
1,3,18,0,18,18093,"018093","Miradolo Terme",NA,0,16,3792
1,3,18,0,18,18106,"018106","Ottobiano",NA,0,0,1181
1,3,18,0,18,18107,"018107","Palestro",NA,0,0,1885
1,3,18,0,18,18108,"018108","Pancarana",NA,0,0,316
1,3,18,0,18,18109,"018109","Parona",NA,0,7,1987
1,3,18,0,18,18081,"018081","Linarolo",NA,0,5,2754
1,3,18,0,18,18082,"018082","Lirio",NA,0,0,136
1,3,18,0,18,18083,"018083","Lomello",NA,0,5,2295
1,3,18,0,18,18084,"018084","Lungavilla",NA,0,0,2412
1,3,16,0,16,16080,"016080","Colzate",NA,0,13,1664
1,3,16,0,16,16081,"016081","Comun Nuovo",NA,0,13,4163
1,3,15,215,215,15151,"015151","Motta Visconti",NA,0,0,7601
1,3,16,0,16,16024,"016024","Bergamo",NA,1,808,115349
1,3,15,215,215,15210,"015210","Settala",NA,0,14,7328
1,3,15,215,215,15211,"015211","Settimo Milanese",NA,0,24,19148
1,3,15,215,215,15213,"015213","Solaro",NA,0,11,13890
1,3,15,215,215,15219,"015219","Trezzano Rosa",NA,0,7,4861
1,3,16,0,16,16064,"016064","Castione della Presolana",NA,0,37,3455
1,3,16,0,16,16066,"016066","Cavernago",NA,0,6,2508
1,3,15,215,215,15154,"015154","Nerviano",NA,0,19,17089
1,3,15,215,215,15155,"015155","Nosate",NA,0,0,689
1,3,15,215,215,15157,"015157","Novate Milanese",NA,0,33,19938
1,3,17,0,17,17029,"017029","Brescia",NA,1,828,189902
1,3,12,0,12,12080,"012080","Gornate Olona",NA,0,0,2227
1,3,12,0,12,12104,"012104","Monvalle",NA,0,0,1944
1,3,20,0,20,20041,"020041","Piubega",NA,0,5,1768
1,3,20,0,20,20018,"020018","Cavriana",NA,0,10,3911
1,3,20,0,20,20019,"020019","Ceresara",NA,0,0,2712
1,3,20,0,20,20020,"020020","Commessaggio",NA,0,0,1169
1,3,20,0,20,20029,"020029","Magnacavallo",NA,0,0,1669
1,3,20,0,20,20032,"020032","Mariana Mantovana",NA,0,0,729
1,3,14,0,14,14060,"014060","Sondalo",NA,0,0,4237
1,3,14,0,14,14071,"014071","Valdidentro",NA,0,9,4045
1,3,14,0,14,14049,"014049","Piateda",NA,0,0,2309
1,3,14,0,14,14033,"014033","Grosio",NA,0,0,4619
1,3,14,0,14,14051,"014051","Poggiridenti",NA,0,0,1865
1,3,14,0,14,14007,"014007","Berbenno di Valtellina",NA,0,0,4308
1,3,14,0,14,14008,"014008","Bianzone",NA,0,5,1273
1,3,14,0,14,14009,"014009","Bormio",NA,0,12,4036
1,3,14,0,14,14020,"014020","Chiuro",NA,0,6,2524
1,3,14,0,14,14021,"014021","Cino",NA,0,0,373
1,3,18,0,18,18096,"018096","Montecalvo Versiggia",NA,0,0,561
1,3,18,0,18,18097,"018097","Montescano",NA,0,0,383
1,3,18,0,18,18180,"018180","Villanterio",NA,0,14,3153
1,3,20,0,20,20042,"020042","Poggio Rusco",NA,0,20,6521
1,3,18,0,18,18085,"018085","Magherno",NA,0,5,1690
1,3,18,0,18,18086,"018086","Marcignago",NA,0,0,2440
1,3,18,0,18,18087,"018087","Marzano",NA,0,5,1559
1,3,17,0,17,17138,"017138","San Paolo",NA,0,49,4504
1,3,17,0,17,17131,"017131","Paisco Loveno",NA,0,0,198
1,3,17,0,17,17132,"017132","Paitone",NA,0,0,2091
1,3,17,0,17,17108,"017108","Milzano",NA,0,0,1799
1,3,14,0,14,14067,"014067","Torre di Santa Maria",NA,0,0,824
1,3,14,0,14,14003,"014003","Andalo Valtellino",NA,0,0,552
1,3,14,0,14,14004,"014004","Aprica",NA,0,0,1588
1,3,14,0,14,14005,"014005","Ardenno",NA,0,0,3270
1,3,14,0,14,14006,"014006","Bema",NA,0,0,130
1,3,20,0,20,20048,"020048","Redondesco",NA,0,0,1335
1,3,14,0,14,14055,"014055","Rasura",NA,0,0,292
1,3,14,0,14,14010,"014010","Buglio in Monte",NA,0,0,2091
1,3,14,0,14,14011,"014011","Caiolo",NA,0,0,1035
1,3,14,0,14,14026,"014026","Delebio",NA,0,0,3173
1,3,14,0,14,14027,"014027","Dubino",NA,0,0,3551
1,3,14,0,14,14028,"014028","Faedo Valtellino",NA,0,0,545
1,3,14,0,14,14029,"014029","Forcola",NA,0,0,835
1,3,15,215,215,15012,"015012","Bareggio",NA,0,32,17035
1,3,15,215,215,15014,"015014","Basiano",NA,0,0,3639
1,3,15,215,215,15015,"015015","Basiglio",NA,0,14,7567
1,3,15,215,215,15016,"015016","Bellinzago Lombardo",NA,0,0,3810
1,3,15,215,215,15019,"015019","Bernate Ticino",NA,0,0,3071
1,3,14,0,14,14012,"014012","Campodolcino",NA,0,0,1037
1,3,14,0,14,14013,"014013","Caspoggio",NA,0,6,1500
1,3,18,0,18,18088,"018088","Mede",NA,0,0,6912
1,3,18,0,18,18101,"018101","Mornico Losana",NA,0,0,721
1,3,18,0,18,18103,"018103","Nicorvo",NA,0,0,364
1,3,18,0,18,18104,"018104","Olevano di Lomellina",NA,0,0,783
1,3,18,0,18,18105,"018105","Oliva Gessi",NA,0,0,173
1,3,18,0,18,18078,"018078","Landriano",NA,0,12,5917
1,3,18,0,18,18079,"018079","Langosco",NA,0,0,436
1,3,18,0,18,18080,"018080","Lardirago",NA,0,0,1200
1,3,18,0,18,18089,"018089","Menconico",NA,0,0,378
1,3,18,0,18,18091,"018091","Mezzana Rabattone",NA,0,0,502
1,3,18,0,18,18092,"018092","Mezzanino",NA,0,0,1494
1,3,20,0,20,20026,"020026","Goito",NA,0,34,10289
1,3,20,0,20,20037,"020037","Motteggiana",NA,0,0,2516
1,3,20,0,20,20038,"020038","Ostiglia",NA,0,6,6940
1,3,14,0,14,14068,"014068","Tovo di Sant'Agata",NA,0,0,624
1,3,20,0,20,20016,"020016","Castellucchio",NA,0,0,5205
1,3,20,0,20,20017,"020017","Castiglione delle Stiviere",NA,0,69,22052
1,3,20,0,20,20065,"020065","Suzzara",NA,0,19,20545
1,3,17,0,17,17126,"017126","Orzivecchi",NA,0,17,2485
1,3,17,0,17,17127,"017127","Ospitaletto",NA,0,65,13579
1,3,17,0,17,17110,"017110","Monno",NA,0,0,564
1,3,17,0,17,17194,"017194","Valvestino",NA,0,0,212
1,3,17,0,17,17202,"017202","Vione",NA,0,0,723
1,3,17,0,17,17205,"017205","Zone",NA,0,0,1091
1,3,17,0,17,17174,"017174","Sarezzo",NA,0,47,13469
1,3,18,0,18,18053,"018053","Copiano",NA,0,0,1794
1,3,18,0,18,18044,"018044","Ceretto Lomellina",NA,0,0,205
1,3,18,0,18,18045,"018045","Cergnago",NA,0,0,754
1,3,18,0,18,18046,"018046","Certosa di Pavia",NA,0,5,5004
1,3,17,0,17,17135,"017135","Paspardo",NA,0,0,646
1,3,17,0,17,17149,"017149","Pontevico",NA,0,51,7121
1,3,17,0,17,17150,"017150","Pontoglio",NA,0,38,6894
1,3,17,0,17,17147,"017147","Poncarale",NA,0,18,5219
1,3,17,0,17,17113,"017113","Montichiari",NA,0,132,23734
1,3,17,0,17,17163,"017163","Rodengo Saiano",NA,0,40,8795
1,3,18,0,18,18062,"018062","Ferrera Erbognone",NA,0,0,1121
1,3,18,0,18,18063,"018063","Filighera",NA,0,0,849
1,3,17,0,17,17114,"017114","Montirone",NA,0,44,5044
1,3,17,0,17,17115,"017115","Mura",NA,0,0,790
1,3,17,0,17,17195,"017195","Verolanuova",NA,0,57,8133
1,3,17,0,17,17164,"017164","Roè Volciano",NA,0,8,4465
1,3,17,0,17,17165,"017165","Roncadelle",NA,0,46,9265
1,3,18,0,18,18029,"018029","Canneto Pavese",NA,0,0,1423
1,3,17,0,17,17196,"017196","Verolavecchia",NA,0,24,3875
1,3,18,0,18,18030,"018030","Carbonara al Ticino",NA,0,0,1516
1,3,18,0,18,18031,"018031","Casanova Lonati",NA,0,0,483
1,3,18,0,18,18032,"018032","Casatisma",NA,0,6,895
1,3,18,0,18,18054,"018054","Corana",NA,0,0,798
1,3,18,0,18,18057,"018057","Corvino San Quirico",NA,0,0,1034
1,3,18,0,18,18047,"018047","Cervesina",NA,0,9,1224
1,3,97,0,97,97091,"097091","Verderio",NA,0,21,5659
1,3,16,0,16,16253,"016253","Val Brembilla",NA,0,23,4522
1,3,20,0,20,20071,"020071","Borgo Virgilio",NA,0,8,14400
1,3,97,0,97,97067,"097067","Perledo",NA,0,22,1025
1,3,108,0,108,108041,"108041","Sovico",NA,0,7,8069
1,3,13,0,13,13255,"013255","Solbiate con Cagno",NA,0,0,4588
1,3,13,0,13,13206,"013206","San Fermo della Battaglia",NA,0,11,7380
1,3,97,0,97,97019,"097019","Castello di Brianza",NA,0,0,2475
1,3,97,0,97,97093,"097093","Valvarrone",NA,0,0,615
1,3,97,0,97,97090,"097090","Viganò",NA,0,0,2012
1,3,98,0,98,98001,"098001","Abbadia Cerreto",NA,0,0,297
1,3,97,0,97,97036,"097036","Galbiate",NA,0,30,8587
1,3,98,0,98,98036,"098036","Marudo",NA,0,6,1568
1,3,98,0,98,98037,"098037","Massalengo",NA,0,20,4192
1,3,98,0,98,98038,"098038","Meleti",NA,0,14,466
1,3,97,0,97,97060,"097060","Oliveto Lario",NA,0,0,1192
1,3,97,0,97,97020,"097020","Cernusco Lombardone",NA,0,19,3851
1,3,15,215,215,15009,"015009","Arese",NA,0,21,19138
1,3,20,0,20,20061,"020061","Sermide e Felonica",NA,0,45,7726
1,3,108,0,108,108039,"108039","Seregno",NA,0,35,43001
1,3,108,0,108,108040,"108040","Seveso",NA,0,17,22733
1,3,108,0,108,108014,"108014","Camparada",NA,0,0,2074
1,3,108,0,108,108015,"108015","Carate Brianza",NA,0,20,17684
1,3,108,0,108,108016,"108016","Carnate",NA,0,15,7177
1,3,108,0,108,108017,"108017","Cavenago di Brianza",NA,0,17,6883
1,3,108,0,108,108018,"108018","Ceriano Laghetto",NA,0,0,6324
1,3,97,0,97,97048,"097048","Merate",NA,0,53,14583
1,3,97,0,97,97049,"097049","Missaglia",NA,0,16,8579
1,3,97,0,97,97025,"097025","Cortenova",NA,0,0,1265
1,3,97,0,97,97026,"097026","Costa Masnaga",NA,0,15,4751
1,3,97,0,97,97027,"097027","Crandola Valsassina",NA,0,0,273
1,3,97,0,97,97028,"097028","Cremella",NA,0,0,1762
1,3,98,0,98,98043,"098043","Ospedaletto Lodigiano",NA,0,14,1853
1,3,98,0,98,98044,"098044","Ossago Lodigiano",NA,0,5,1412
1,3,98,0,98,98059,"098059","Valera Fratta",NA,0,5,1669
1,3,97,0,97,97029,"097029","Cremeno",NA,0,5,1438
1,3,98,0,98,98008,"098008","Casaletto Lodigiano",NA,0,0,2779
1,3,98,0,98,98009,"098009","Casalmaiocco",NA,0,14,3069
1,3,98,0,98,98045,"098045","Pieve Fissiraga",NA,0,9,1604
1,3,98,0,98,98046,"098046","Salerano sul Lambro",NA,0,0,2653
1,3,98,0,98,98047,"098047","San Fiorano",NA,0,26,1804
1,3,98,0,98,98048,"098048","San Martino in Strada",NA,0,33,3624
1,3,97,0,97,97050,"097050","Moggio",NA,0,0,503
1,3,98,0,98,98027,"098027","Galgagnano",NA,0,5,1208
1,3,98,0,98,98028,"098028","Graffignana",NA,0,8,2604
1,3,98,0,98,98029,"098029","Guardamiglio",NA,0,23,2687
1,3,98,0,98,98060,"098060","Villanova del Sillaro",NA,0,8,1732
1,3,98,0,98,98061,"098061","Zelo Buon Persico",NA,0,15,6872
1,3,97,0,97,97013,"097013","Calolziocorte",NA,0,65,14009
1,3,98,0,98,98010,"098010","Casalpusterlengo",NA,0,163,14852
1,3,98,0,98,98049,"098049","San Rocco al Porto",NA,0,39,3464
1,3,98,0,98,98050,"098050","Sant'Angelo Lodigiano",NA,0,38,12665
1,3,98,0,98,98030,"098030","Livraga",NA,0,17,2602
1,3,97,0,97,97014,"097014","Carenno",NA,0,7,1496
1,3,97,0,97,97015,"097015","Casargo",NA,0,0,849
1,3,97,0,97,97082,"097082","Valgreghentino",NA,0,0,3410
1,3,97,0,97,97030,"097030","Dervio",NA,0,7,2681
1,3,97,0,97,97001,"097001","Abbadia Lariana",NA,0,6,3249
1,3,97,0,97,97002,"097002","Airuno",NA,0,8,2979
1,3,97,0,97,97003,"097003","Annone di Brianza",NA,0,6,2292
1,3,98,0,98,98041,"098041","Mulazzano",NA,0,18,5733
1,3,98,0,98,98042,"098042","Orio Litta",NA,0,11,2023
1,3,19,0,19,19107,"019107","Torre de' Picenardi",NA,0,6,2249
1,3,20,0,20,20057,"020057","San Giorgio Bigarello",NA,0,9,11481
1,3,18,0,18,18193,"018193","Colli Verdi",NA,0,0,1156
1,3,97,0,97,97083,"097083","Valmadrera",NA,0,20,11612
1,3,97,0,97,97084,"097084","Varenna",NA,0,0,765
1,3,97,0,97,97086,"097086","Vercurago",NA,0,16,2833
1,3,97,0,97,97031,"097031","Dolzago",NA,0,0,2307
1,3,97,0,97,97032,"097032","Dorio",NA,0,0,337
1,3,97,0,97,97033,"097033","Ello",NA,0,0,1242
1,3,97,0,97,97034,"097034","Erve",NA,0,0,764
1,3,97,0,97,97035,"097035","Esino Lario",NA,0,0,750
1,3,97,0,97,97068,"097068","Pescate",NA,0,0,2188
1,3,97,0,97,97069,"097069","Premana",NA,0,0,2288
1,3,97,0,97,97070,"097070","Primaluna",NA,0,0,2187
1,3,98,0,98,98051,"098051","Santo Stefano Lodigiano",NA,0,23,1902
1,3,97,0,97,97051,"097051","Molteno",NA,0,6,3587
1,3,98,0,98,98011,"098011","Caselle Landi",NA,0,18,1652
1,3,98,0,98,98012,"098012","Caselle Lurani",NA,0,16,3100
1,3,98,0,98,98013,"098013","Castelnuovo Bocca d'Adda",NA,0,33,1700
1,3,98,0,98,98014,"098014","Castiglione d'Adda",NA,0,178,4818
1,3,98,0,98,98052,"098052","Secugnago",NA,0,8,1984
1,3,98,0,98,98053,"098053","Senna Lodigiana",NA,0,9,1997
1,3,98,0,98,98054,"098054","Somaglia",NA,0,27,3661
1,3,97,0,97,97006,"097006","Barzanò",NA,0,7,5171
1,3,97,0,97,97007,"097007","Barzio",NA,0,0,1297
1,3,97,0,97,97071,"097071","Robbiate",NA,0,18,6101
1,3,97,0,97,97072,"097072","Rogeno",NA,0,6,3197
1,3,97,0,97,97018,"097018","Cassina Valsassina",NA,0,0,470
1,3,108,0,108,108043,"108043","Triuggio",NA,0,7,8546
1,3,108,0,108,108044,"108044","Usmate Velate",NA,0,11,10033
1,3,108,0,108,108045,"108045","Varedo",NA,0,23,12773
1,3,108,0,108,108046,"108046","Vedano al Lambro",NA,0,20,7426
1,3,108,0,108,108047,"108047","Veduggio con Colzano",NA,0,7,4434
1,3,16,0,16,16252,"016252","Sant'Omobono Terme",NA,0,14,3893
1,3,108,0,108,108048,"108048","Verano Brianza",NA,0,8,9275
1,3,108,0,108,108049,"108049","Villasanta",NA,0,14,13619
1,3,108,0,108,108050,"108050","Vimercate",NA,0,52,25309
1,3,98,0,98,98062,"098062","Castelgerundo",NA,0,30,1520
1,3,97,0,97,97011,"097011","Bulciago",NA,0,0,2948
1,3,97,0,97,97058,"097058","Olgiate Molgora",NA,0,20,6190
1,3,97,0,97,97059,"097059","Olginate",NA,0,13,7102
1,3,98,0,98,98034,"098034","Mairago",NA,0,0,1397
1,3,98,0,98,98022,"098022","Corno Giovine",NA,0,20,1193
1,3,98,0,98,98035,"098035","Maleo",NA,0,45,3249
1,3,97,0,97,97037,"097037","Garbagnate Monastero",NA,0,0,2430
1,3,97,0,97,97038,"097038","Garlate",NA,0,5,2617
1,3,97,0,97,97039,"097039","Imbersago",NA,0,10,2408
1,3,97,0,97,97074,"097074","Santa Maria Hoè",NA,0,7,2207
1,3,98,0,98,98055,"098055","Sordio",NA,0,22,3149
1,3,98,0,98,98056,"098056","Tavazzano con Villavesco",NA,0,18,6099
1,3,97,0,97,97056,"097056","Nibionno",NA,0,7,3630
1,3,97,0,97,97057,"097057","Oggiono",NA,0,20,8750
1,3,98,0,98,98002,"098002","Bertonico",NA,0,0,1168
1,3,98,0,98,98015,"098015","Castiraga Vidardo",NA,0,0,2624
1,3,98,0,98,98017,"098017","Cavenago d'Adda",NA,0,11,2259
1,3,98,0,98,98018,"098018","Cervignano d'Adda",NA,0,16,2119
1,3,98,0,98,98057,"098057","Terranova dei Passerini",NA,0,8,906
1,3,18,0,18,18192,"018192","Corteolona e Genzone",NA,0,0,2490
1,3,108,0,108,108042,"108042","Sulbiate",NA,0,7,4067
1,3,108,0,108,108051,"108051","Busnago",NA,0,14,6413
1,3,108,0,108,108052,"108052","Caponago",NA,0,11,5226
1,3,108,0,108,108053,"108053","Cornate d'Adda",NA,0,16,10363
1,3,108,0,108,108054,"108054","Lentate sul Seveso",NA,0,11,15486
1,3,108,0,108,108055,"108055","Roncello",NA,0,9,3925
1,3,12,0,12,12142,"012142","Maccagno con Pino e Veddasca",NA,0,0,2444
1,3,108,0,108,108034,"108034","Muggiò",NA,0,32,23208
1,3,108,0,108,108035,"108035","Nova Milanese",NA,0,39,22315
1,3,108,0,108,108036,"108036","Ornago",NA,0,5,4702
1,3,108,0,108,108037,"108037","Renate",NA,0,6,4177
1,3,108,0,108,108038,"108038","Ronco Briantino",NA,0,9,3389
1,3,108,0,108,108033,"108033","Monza",NA,1,188,119856
1,3,97,0,97,97078,"097078","Suello",NA,0,17,1686
1,3,97,0,97,97079,"097079","Taceno",NA,0,0,541
1,3,97,0,97,97004,"097004","Ballabio",NA,0,15,4018
1,3,97,0,97,97052,"097052","Monte Marenzo",NA,0,0,1971
1,3,97,0,97,97053,"097053","Montevecchia",NA,0,7,2480
1,3,97,0,97,97054,"097054","Monticello Brianza",NA,0,0,4217
1,3,97,0,97,97055,"097055","Morterone",NA,0,0,34
1,3,97,0,97,97005,"097005","Barzago",NA,0,0,2577
1,3,98,0,98,98031,"098031","Lodi",NA,1,301,43332
1,3,98,0,98,98032,"098032","Lodi Vecchio",NA,0,28,7356
1,3,98,0,98,98033,"098033","Maccastorna",NA,0,0,60
1,3,97,0,97,97016,"097016","Casatenovo",NA,0,25,12664
1,3,97,0,97,97017,"097017","Cassago Brianza",NA,0,7,4406
1,3,17,0,17,17018,"017018","Bienno",NA,0,22,3958
1,3,19,0,19,19116,"019116","Piadena Drizzona",NA,0,10,4132
1,3,20,0,20,20073,"020073","Borgocarbonara",NA,0,0,2123
1,3,15,215,215,15027,"015027","Bollate",NA,0,57,35557
1,3,97,0,97,97045,"097045","Malgrate",NA,0,12,4216
1,3,97,0,97,97021,"097021","Cesana Brianza",NA,0,17,2348
1,3,97,0,97,97022,"097022","Civate",NA,0,12,4019
1,3,97,0,97,97023,"097023","Colico",NA,0,5,7473
1,3,97,0,97,97024,"097024","Colle Brianza",NA,0,0,1736
1,3,98,0,98,98003,"098003","Boffalora d'Adda",NA,0,6,1705
1,3,97,0,97,97040,"097040","Introbio",NA,0,0,2003
1,3,97,0,97,97042,"097042","Lecco",NA,1,131,46705
1,3,97,0,97,97043,"097043","Lierna",NA,0,0,2232
1,3,97,0,97,97061,"097061","Osnago",NA,0,9,4807
1,3,97,0,97,97062,"097062","Paderno d'Adda",NA,0,16,3881
1,3,98,0,98,98004,"098004","Borghetto Lodigiano",NA,0,53,4379
1,3,98,0,98,98005,"098005","Borgo San Giovanni",NA,0,8,2213
1,3,98,0,98,98006,"098006","Brembio",NA,0,19,2647
1,3,98,0,98,98019,"098019","Codogno",NA,0,267,15371
1,3,98,0,98,98020,"098020","Comazzo",NA,0,5,2183
1,3,98,0,98,98021,"098021","Cornegliano Laudense",NA,0,15,2838
1,3,97,0,97,97046,"097046","Mandello del Lario",NA,0,16,10578
1,3,97,0,97,97047,"097047","Margno",NA,0,0,375
1,3,98,0,98,98023,"098023","Cornovecchio",NA,0,0,226
1,3,98,0,98,98024,"098024","Corte Palasio",NA,0,11,1550
1,3,97,0,97,97063,"097063","Pagnona",NA,0,0,402
1,3,97,0,97,97064,"097064","Parlasco",NA,0,0,141
1,3,97,0,97,97065,"097065","Pasturo",NA,0,5,1961
1,3,98,0,98,98039,"098039","Merlino",NA,0,0,1772
1,3,98,0,98,98040,"098040","Montanaso Lombardo",NA,0,14,2231
1,3,98,0,98,98025,"098025","Crespiatica",NA,0,0,2137
1,3,98,0,98,98026,"098026","Fombio",NA,0,28,2288
1,3,97,0,97,97012,"097012","Calco",NA,0,20,5113
1,3,97,0,97,97075,"097075","Sirone",NA,0,0,2391
1,3,97,0,97,97076,"097076","Sirtori",NA,0,0,2920
1,3,97,0,97,97077,"097077","Sueglio",NA,0,0,147
1,3,12,0,12,12143,"012143","Cadrezzate con Osmate",NA,0,0,2590
1,3,19,0,19,19085,"019085","Robecco d'Oglio",NA,0,13,2438
1,3,19,0,19,19063,"019063","Olmeneta",NA,0,11,967
1,3,19,0,19,19033,"019033","Corte de' Frati",NA,0,25,1423
1,3,15,251,251,15251,"015251","Vermezzo con Zelo",NA,0,0,5306
1,3,97,0,97,97008,"097008","Bellano",NA,0,16,3583
1,3,19,0,19,19077,"019077","Pozzaglio ed Uniti",NA,0,12,1471
